housecode,name,line,station,residential,area,type,houseArea,orientation,decoration,floor,buildingTime,buildingType,follow,unitPrice,totalPrice,tags,href
106102846143,三环内朝南对中庭套一 不临街 居家安静,1号线(科学城-韦家碾),韦家碾站,绿地世纪城 ,驷马桥,1室1厅 , 52.98平米 , 南 , 精装 , 中楼层(共18层) , 2016年建 , 塔楼,9,14346,76,subway:近地铁;vr:VR房源;taxfree:房本满五年;haskey:随时看房,https://cd.lianjia.com/ershoufang/106102846143.html
106104207268,黄  金3楼，精装修，带家具家电，采光好，户型方正,1号线(科学城-韦家碾),韦家碾站,双水康城A区 ,驷马桥,2室1厅 , 74.42平米 , 北 , 精装 , 中楼层(共6层) , 2004年建 , 板楼,3,11422,85,vr:VR房源;taxfree:房本满五年;haskey:随时看房,https://cd.lianjia.com/ershoufang/106104207268.html
106104235407,荆竹小区7号院 1室1厅 58万,1号线(科学城-韦家碾),韦家碾站,荆竹小区7号院 ,驷马桥,1室1厅 , 47.29平米 , 南 北 , 其他 , 低楼层(共6层) , 1999年建 , 板楼,1,12265,58,subway:近地铁;vr:VR房源;five:房本满两年,https://cd.lianjia.com/ershoufang/106104235407.html
106102976512,多层商品房住宅 标准大套二坐北朝南采光通透 看房方便,1号线(科学城-韦家碾),韦家碾站,沙河北岸 ,驷马桥,2室1厅 , 85.23平米 , 南 , 简装 , 中楼层(共6层) , 2006年建 , 板楼,9,10560,90,subway:近地铁;vr:VR房源;taxfree:房本满五年;haskey:随时看房,https://cd.lianjia.com/ershoufang/106102976512.html
106103971125,绿地世纪城套二一楼带花园，房子精装修，安静不吵,1号线(科学城-韦家碾),韦家碾站,绿地世纪城 ,驷马桥,2室2厅 , 70.24平米 , 西 , 精装 , 低楼层(共21层) , 2016年建 , 塔楼,1,15519,109,subway:近地铁;vr:VR房源;taxfree:房本满五年;haskey:随时看房,https://cd.lianjia.com/ershoufang/106103971125.html
106104118388,绿地世纪城精装套一，户型方正 采光充足 视野开阔。,1号线(科学城-韦家碾),韦家碾站,绿地世纪城 ,驷马桥,1室1厅 , 49.78平米 , 北 , 简装 , 低楼层(共21层) , 2016年建 , 塔楼,4,14866,74,subway:近地铁;vr:VR房源;five:房本满两年,https://cd.lianjia.com/ershoufang/106104118388.html
106103324041,绿地世纪城精装套三，交通方便，配套成熟。,1号线(科学城-韦家碾),韦家碾站,绿地世纪城 ,驷马桥,3室1厅 , 86.48平米 , 东 , 精装 , 高楼层(共20层) , 2016年建 , 塔楼,8,15958,138,subway:近地铁;vr:VR房源;haskey:随时看房,https://cd.lianjia.com/ershoufang/106103324041.html
106103491434,此房精装修 朝东 对小区中庭 居住舒适安静,1号线(科学城-韦家碾),韦家碾站,绿地世纪城 ,驷马桥,1室1厅 , 50.08平米 , 东 , 精装 , 低楼层(共21层) , 2016年建 , 塔楼,1,14737,73.8,subway:近地铁;vr:VR房源;haskey:随时看房,https://cd.lianjia.com/ershoufang/106103491434.html
106104054548,中环路标准套一，中间楼层客厅带阳台,1号线(科学城-韦家碾),韦家碾站,双水康城D区 ,驷马桥,1室1厅 , 46.28平米 , 南 , 毛坯 , 中楼层(共7层) , 1999年建 , 板楼,3,9292,43,vr:VR房源;haskey:随时看房,https://cd.lianjia.com/ershoufang/106104054548.html
106104135477,绿地世纪城三期 次新房 标准套三 户型方正,1号线(科学城-韦家碾),韦家碾站,绿地世纪城 ,驷马桥,3室2厅 , 91.15平米 , 北 , 精装 , 高楼层(共24层) , 2016年建 , 塔楼,9,17554,160,vr:VR房源;haskey:随时看房,https://cd.lianjia.com/ershoufang/106104135477.html
106103697358,标准套二，小区环境较好，适合居住,1号线(科学城-韦家碾),韦家碾站,荆竹小区5号院 ,驷马桥,2室1厅 , 74.49平米 , 东南 , 简装 , 低楼层(共6层) , 2000年建 , 板楼,4,10606,79,subway:近地铁;vr:VR房源;five:房本满两年,https://cd.lianjia.com/ershoufang/106103697358.html
106103833935,绿地世纪城精装套一采光好可拎包入住,1号线(科学城-韦家碾),韦家碾站,绿地世纪城 ,驷马桥,1室1厅 , 50.48平米 , 北 , 精装 , 低楼层(共21层) , 2016年建 , 塔楼,1,14858,75,subway:近地铁;vr:VR房源,https://cd.lianjia.com/ershoufang/106103833935.html
106104054565,2.5环双公园，清水房方便装修,1号线(科学城-韦家碾),韦家碾站,双水康城D区 ,驷马桥,2室1厅 , 73.54平米 , 西 , 毛坯 , 中楼层(共6层) , 2004年建 , 板楼,6,10063,74,vr:VR房源,https://cd.lianjia.com/ershoufang/106104054565.html
106101358961,绿地世纪城住家装修标准套二随时看房,1号线(科学城-韦家碾),韦家碾站,绿地世纪城 ,驷马桥,2室1厅 , 72.81平米 , 西 , 精装 , 高楼层(共21层) , 2016年建 , 塔楼,7,15520,113,subway:近地铁;vr:VR房源;taxfree:房本满五年,https://cd.lianjia.com/ershoufang/106101358961.html
106101294132,绿地世纪城二室二厅一厨一卫住家装修,1号线(科学城-韦家碾),韦家碾站,绿地世纪城 ,驷马桥,2室2厅 , 70.43平米 , 东 , 简装 , 中楼层(共21层) , 2016年建 , 塔楼,1,18601,131,subway:近地铁;vr:VR房源;taxfree:房本满五年,https://cd.lianjia.com/ershoufang/106101294132.html
106101436146,绿地世纪城朝南精装横厅套二中高楼层,1号线(科学城-韦家碾),韦家碾站,绿地世纪城 ,驷马桥,2室2厅 , 73.88平米 , 南 , 精装 , 高楼层(共16层) , 2016年建 , 塔楼,8,17597,130,subway:近地铁;vr:VR房源;five:房本满两年,https://cd.lianjia.com/ershoufang/106101436146.html
106102518083,绿地精装套二，业主自住装修，拎包入住,1号线(科学城-韦家碾),韦家碾站,绿地世纪城 ,驷马桥,2室1厅 , 71.4平米 , 东 , 精装 , 高楼层(共21层) , 2016年建 , 塔楼,2,15407,110,subway:近地铁;vr:VR房源;haskey:随时看房,https://cd.lianjia.com/ershoufang/106102518083.html
106101941690,绿地世纪城  精装套三单卫   不临街  中区中间,1号线(科学城-韦家碾),韦家碾站,绿地世纪城 ,驷马桥,3室1厅 , 86.56平米 , 南 , 精装 , 高楼层(共20层) , 2016年建 , 塔楼,1,17445,151,subway:近地铁;vr:VR房源;haskey:随时看房,https://cd.lianjia.com/ershoufang/106101941690.html
106101319794,沙河北岸标准套三双卫户型采光好,1号线(科学城-韦家碾),韦家碾站,沙河北岸 ,驷马桥,3室2厅 , 114平米 , 东南 , 简装 , 低楼层(共6层) , 2006年建 , 板楼,1,11229,128,subway:近地铁;vr:VR房源;haskey:随时看房,https://cd.lianjia.com/ershoufang/106101319794.html
106101094541,绿地世纪城标准套二，客厅朝南，位置安静，户型方正。,1号线(科学城-韦家碾),韦家碾站,绿地世纪城 ,驷马桥,2室1厅 , 74平米 , 南 , 简装 , 高楼层(共18层) , 2016年建 , 塔楼,7,17568,130,subway:近地铁;vr:VR房源,https://cd.lianjia.com/ershoufang/106101094541.html
106101316098,绿地世纪城标准套一 交通便利 干净舒适,1号线(科学城-韦家碾),韦家碾站,绿地世纪城 ,驷马桥,1室1厅 , 50.4平米 , 东 , 简装 , 低楼层(共21层) , 2016年建 , 塔楼,1,15874,80,subway:近地铁;vr:VR房源;taxfree:房本满五年,https://cd.lianjia.com/ershoufang/106101316098.html
106101325203,绿地世纪城一室一厅一厨一卫有装修,1号线(科学城-韦家碾),韦家碾站,绿地世纪城 ,驷马桥,1室1厅 , 50.48平米 , 北 , 精装 , 中楼层(共21层) , 2016年建 , 塔楼,7,16839,85,subway:近地铁;vr:VR房源;five:房本满两年,https://cd.lianjia.com/ershoufang/106101325203.html
106102625999,满两年 标准一居室 简单装修 客厅带飘窗 采光好,1号线(科学城-韦家碾),韦家碾站,荆竹小区6号院 ,驷马桥,1室1厅 , 47.29平米 , 东南 , 简装 , 高楼层(共6层) , 1999年建 , 板楼,3,10574,50,subway:近地铁;vr:VR房源;taxfree:房本满五年,https://cd.lianjia.com/ershoufang/106102625999.html
106101941751,绿地世纪城精装套二，带家具家电,1号线(科学城-韦家碾),韦家碾站,绿地世纪城 ,驷马桥,2室1厅 , 71.17平米 , 东 , 精装 , 中楼层(共21层) , 2016年建 , 塔楼,2,17424,124,subway:近地铁;vr:VR房源,https://cd.lianjia.com/ershoufang/106101941751.html
106101941738,绿地世纪城精装套二，随时看房，满两年,1号线(科学城-韦家碾),韦家碾站,绿地世纪城 ,驷马桥,2室1厅 , 72.81平米 , 南 , 精装 , 中楼层(共21层) , 2016年建 , 塔楼,1,18542,135,subway:近地铁;vr:VR房源,https://cd.lianjia.com/ershoufang/106101941738.html
106101082567,绿地世纪城精装套二，采光好视野好,1号线(科学城-韦家碾),韦家碾站,绿地世纪城 ,驷马桥,2室1厅 , 75.57平米 , 南 , 精装 , 中楼层(共21层) , 2016年建 , 塔楼,4,16409,124,subway:近地铁;vr:VR房源,https://cd.lianjia.com/ershoufang/106101082567.html
106102996601,绿地世纪城套四双卫中高层采光棒,1号线(科学城-韦家碾),韦家碾站,绿地世纪城 ,驷马桥,4室2厅 , 120.06平米 , 北 , 简装 , 高楼层(共20层) , 2016年建 , 塔楼,3,17908,215,subway:近地铁;vr:VR房源;haskey:随时看房,https://cd.lianjia.com/ershoufang/106102996601.html
106103823860,绿地世纪城标准大套四，户型方正，带车位。,1号线(科学城-韦家碾),韦家碾站,绿地世纪城 ,驷马桥,4室1厅 , 121.14平米 , 北 , 毛坯 , 中楼层(共20层) , 2016年建 , 塔楼,2,16510,200,subway:近地铁;vr:VR房源;haskey:随时看房,https://cd.lianjia.com/ershoufang/106103823860.html
106101187487,绿地世纪城标准套一，有装修带家具家电,1号线(科学城-韦家碾),韦家碾站,绿地世纪城 ,驷马桥,1室1厅 , 49.88平米 , 北 , 精装 , 低楼层(共18层) , 2016年建 , 塔楼,8,15598,77.8,subway:近地铁;vr:VR房源;five:房本满两年;haskey:随时看房,https://cd.lianjia.com/ershoufang/106101187487.html
106101381974,沙河北岸标准套一，带有大平台，装修好。,1号线(科学城-韦家碾),韦家碾站,沙河北岸 ,驷马桥,1室1厅 , 59平米 , 东 , 简装 , 低楼层(共6层) , 2006年建 , 板楼,1,11526,68,subway:近地铁;vr:VR房源,https://cd.lianjia.com/ershoufang/106101381974.html
106101208476,绿地世纪城 标准套一 居家装修 安静不吵 适合居住,1号线(科学城-韦家碾),韦家碾站,绿地世纪城 ,驷马桥,1室1厅 , 50.24平米 , 西 , 简装 , 高楼层(共21层) , 2016年建 , 塔楼,3,15128,76,subway:近地铁;vr:VR房源,https://cd.lianjia.com/ershoufang/106101208476.html
106101410911,绿地世纪城标准套一，精装修保养好,1号线(科学城-韦家碾),韦家碾站,绿地世纪城 ,驷马桥,1室1厅 , 50.62平米 , 北 , 精装 , 中楼层(共16层) , 2016年建 , 塔楼,2,17582,89,vr:VR房源,https://cd.lianjia.com/ershoufang/106101410911.html
106101456839,绿地世纪城居家装修一室一厅一卫,1号线(科学城-韦家碾),韦家碾站,绿地世纪城 ,驷马桥,1室1厅 , 53平米 , 南 , 精装 , 高楼层(共21层) , 2016年建 , 塔楼,1,16038,85,subway:近地铁;vr:VR房源,https://cd.lianjia.com/ershoufang/106101456839.html
106101393074,荆竹小区 标准三居室 有屋顶花园 有蔬菜水果 精装修,1号线(科学城-韦家碾),韦家碾站,荆竹小区6号院 ,驷马桥,3室2厅 , 111.02平米 , 南 北 , 简装 , 高楼层(共6层) , 1999年建 , 板楼,2,12160,135,subway:近地铁;vr:VR房源,https://cd.lianjia.com/ershoufang/106101393074.html
106102766161,精装套四 户型方正 对中庭中间楼层,1号线(科学城-韦家碾),韦家碾站,绿地世纪城 ,驷马桥,4室1厅 , 121.39平米 , 北 , 精装 , 中楼层(共20层) , 2016年建 , 塔楼,4,18124,220,subway:近地铁;vr:VR房源;five:房本满两年;haskey:随时看房,https://cd.lianjia.com/ershoufang/106102766161.html
106102874385,三环内绿地套一  看露天音乐广场 小区人车分流环境好,1号线(科学城-韦家碾),韦家碾站,绿地世纪城 ,驷马桥,1室1厅 , 50.48平米 , 北 , 精装 , 中楼层(共21层) , 2016年建 , 塔楼,4,15056,76,subway:近地铁;vr:VR房源;five:房本满两年;haskey:随时看房,https://cd.lianjia.com/ershoufang/106102874385.html
106102068697,大套一  利用空间率极大  顶楼带私人花园,1号线(科学城-韦家碾),韦家碾站,沙河北岸 ,驷马桥,1室1厅 , 59.7平米 , 东 , 简装 , 高楼层(共6层) , 2006年建 , 板楼,3,11525,68.8,subway:近地铁;vr:VR房源;taxfree:房本满五年;haskey:随时看房,https://cd.lianjia.com/ershoufang/106102068697.html
106102336377,一号线地铁口，标准套一，户型方正，采光好！,1号线(科学城-韦家碾),韦家碾站,双水康城A区 ,驷马桥,1室1厅 , 44.27平米 , 南 , 毛坯 , 高楼层(共6层) , 2003年建 , 板楼,3,9940,44,vr:VR房源;five:房本满两年,https://cd.lianjia.com/ershoufang/106102336377.html
106103089972,绿地世纪城朝西看游泳池装修小套三,1号线(科学城-韦家碾),韦家碾站,绿地世纪城 ,驷马桥,3室2厅 , 86.48平米 , 西 , 精装 , 中楼层(共20层) , 2016年建 , 塔楼,4,17924,155,subway:近地铁;vr:VR房源;taxfree:房本满五年,https://cd.lianjia.com/ershoufang/106103089972.html
106103671468,绿地世纪城精装标准套四中庭位置,1号线(科学城-韦家碾),韦家碾站,绿地世纪城 ,驷马桥,4室1厅 , 120.38平米 , 北 , 精装 , 中楼层(共20层) , 2016年建 , 塔楼,4,18691,225,subway:近地铁;vr:VR房源;taxfree:房本满五年;haskey:随时看房,https://cd.lianjia.com/ershoufang/106103671468.html
106103778225,绿地世纪城清水 套三朝南视野好采光好安静不临街,1号线(科学城-韦家碾),韦家碾站,绿地世纪城 ,驷马桥,3室2厅 , 87.21平米 , 南 , 简装 , 高楼层(共20层) , 2016年建 , 塔楼,8,17774,155,vr:VR房源;taxfree:房本满五年;haskey:随时看房,https://cd.lianjia.com/ershoufang/106103778225.html
106101823643,绿地世纪城精装套二，拎包入住。,1号线(科学城-韦家碾),韦家碾站,绿地世纪城 ,驷马桥,2室1厅 , 75.4平米 , 南 , 精装 , 低楼层(共21层) , 2016年建 , 塔楼,5,15916,120,subway:近地铁;vr:VR房源;five:房本满两年,https://cd.lianjia.com/ershoufang/106101823643.html
106103556323,黄  金3楼 中庭安静 舒居户型 大阳台,1号线(科学城-韦家碾),韦家碾站,双水康城A区 ,驷马桥,2室2厅 , 74.42平米 , 西 , 毛坯 , 中楼层(共6层)  ,, 板楼,2,11557,86,vr:VR房源;taxfree:房本满五年;haskey:随时看房,https://cd.lianjia.com/ershoufang/106103556323.html
106102607237,小区环境清静，户型方正，居住舒适，生活便捷。,1号线(科学城-韦家碾),韦家碾站,荆竹小区6号院 ,驷马桥,1室1厅 , 47.29平米 , 东南 , 毛坯 , 低楼层(共6层) , 1999年建 , 板楼,1,10785,51,subway:近地铁;vr:VR房源;taxfree:房本满五年;haskey:随时看房,https://cd.lianjia.com/ershoufang/106102607237.html
106102818667,绿地世纪城大套三，清水房，装修方便,1号线(科学城-韦家碾),韦家碾站,绿地世纪城 ,驷马桥,3室2厅 , 107平米 , 西 , 毛坯 , 高楼层(共20层) , 2016年建 , 塔楼,4,16356,175,subway:近地铁;vr:VR房源;haskey:随时看房,https://cd.lianjia.com/ershoufang/106102818667.html
106103343123,双水康城A区套一 居家装修 户型方正,1号线(科学城-韦家碾),韦家碾站,双水康城A区 ,驷马桥,1室1厅 , 44.78平米 , 西 , 精装 , 中楼层(共6层)  ,, 板楼,4,12953,58,vr:VR房源;five:房本满两年,https://cd.lianjia.com/ershoufang/106103343123.html
106103951514,地铁一号线，品质小区，拎包入住，户型方正。,1号线(科学城-韦家碾),韦家碾站,绿地世纪城 ,驷马桥,3室2厅 , 107平米 , 南 , 精装 , 高楼层(共20层) , 2016年建 , 塔楼,1,17758,190,subway:近地铁;vr:VR房源;taxfree:房本满五年,https://cd.lianjia.com/ershoufang/106103951514.html
106101502493,绿地世纪城标准套四，居家装修，视野开阔，对中庭。,1号线(科学城-韦家碾),韦家碾站,绿地世纪城 ,驷马桥,4室2厅 , 121.3平米 , 北 , 精装 , 低楼层(共20层) , 2016年建 , 塔楼,2,18137,220,subway:近地铁;vr:VR房源;taxfree:房本满五年,https://cd.lianjia.com/ershoufang/106101502493.html
106101045369,绿地世纪城精装套二从来没有住过人,1号线(科学城-韦家碾),韦家碾站,绿地世纪城 ,驷马桥,2室2厅 , 70.94平米 , 西 , 精装 , 中楼层(共21层) , 2016年建 , 塔楼,3,16916,120,subway:近地铁;vr:VR房源;taxfree:房本满五年;haskey:随时看房,https://cd.lianjia.com/ershoufang/106101045369.html
106102742772,荆竹小区带花园套一，诚心卖，居家装修,1号线(科学城-韦家碾),韦家碾站,荆竹小区6号院 ,驷马桥,1室1厅 , 46.54平米 , 东南 , 简装 , 低楼层(共6层) , 1999年建 , 板楼,1,10314,48,subway:近地铁;vr:VR房源;five:房本满两年;haskey:随时看房,https://cd.lianjia.com/ershoufang/106102742772.html
106102698543,绿地世纪城标准大套三，户型方正,1号线(科学城-韦家碾),韦家碾站,绿地世纪城 ,驷马桥,3室2厅 , 107.54平米 , 东 , 精装 , 中楼层(共20层) , 2016年建 , 塔楼,9,17203,185,subway:近地铁;vr:VR房源;taxfree:房本满五年,https://cd.lianjia.com/ershoufang/106102698543.html
106102988083,绿地世纪城，优质套二，诚意出售,1号线(科学城-韦家碾),韦家碾站,绿地世纪城 ,驷马桥,2室1厅 , 74.12平米 , 南 , 精装 , 中楼层(共21层) , 2016年建 , 塔楼,1,15084,111.8,subway:近地铁;vr:VR房源;taxfree:房本满五年,https://cd.lianjia.com/ershoufang/106102988083.html
106103074483,绿地世纪城，标准套一，楼层好，视野开阔，采光充足,1号线(科学城-韦家碾),韦家碾站,绿地世纪城 ,驷马桥,1室1厅 , 49.88平米 , 北 , 简装 , 高楼层(共18层) , 2016年建 , 塔楼,9,16039,80,vr:VR房源;taxfree:房本满五年,https://cd.lianjia.com/ershoufang/106103074483.html
106102506471,1号线 绿地品质 少有竖厅户型 全屋朝南,1号线(科学城-韦家碾),韦家碾站,绿地世纪城 ,驷马桥,2室1厅 , 75平米 , 南 , 毛坯 , 高楼层(共21层) , 2016年建 , 塔楼,6,15467,116,subway:近地铁;vr:VR房源;taxfree:房本满五年;haskey:随时看房,https://cd.lianjia.com/ershoufang/106102506471.html
106103533272,绿地世纪城竖厅套二，户型方正，采光好。,1号线(科学城-韦家碾),韦家碾站,绿地世纪城 ,驷马桥,2室1厅 , 70.43平米 , 东 , 简装 , 高楼层(共21层) , 2016年建 , 塔楼,7,15477,109,subway:近地铁;vr:VR房源;taxfree:房本满五年;haskey:随时看房,https://cd.lianjia.com/ershoufang/106103533272.html
106103957227,户型方正，交通便利，配套设施齐全，采光视野好,1号线(科学城-韦家碾),韦家碾站,荆竹小区7号院 ,驷马桥,1室1厅 , 47.29平米 , 西 , 简装 , 高楼层(共6层)  ,, 板楼,7,10362,49,subway:近地铁;vr:VR房源;taxfree:房本满五年;haskey:随时看房,https://cd.lianjia.com/ershoufang/106103957227.html
106104229013,绿地世纪城 3室2厅 170万,1号线(科学城-韦家碾),韦家碾站,绿地世纪城 ,驷马桥,3室2厅 , 106.8平米 , 东 西 , 其他 , 低楼层(共20层) , 2016年建 , 塔楼,1,15918,170,subway:近地铁;vr:VR房源;taxfree:房本满五年,https://cd.lianjia.com/ershoufang/106104229013.html
106103006117,刚需标准套二 多层公摊面积小 户型方正,1号线(科学城-韦家碾),韦家碾站,荆竹小区4号院 ,驷马桥,2室2厅 , 75平米 , 南 , 简装 , 高楼层(共6层) , 2007年建 , 板楼,1,10134,76,subway:近地铁;vr:VR房源;taxfree:房本满五年,https://cd.lianjia.com/ershoufang/106103006117.html
106103502273,绿地世纪城优质套三楼层好装修保养好,1号线(科学城-韦家碾),韦家碾站,绿地世纪城 ,驷马桥,3室2厅 , 86.84平米 , 东南 , 精装 , 高楼层(共20层) , 2016年建 , 塔楼,1,17849,155,subway:近地铁;vr:VR房源;taxfree:房本满五年,https://cd.lianjia.com/ershoufang/106103502273.html
106103625301,绿地世纪城精装小套三 朝南采光好 视野开阔,1号线(科学城-韦家碾),韦家碾站,绿地世纪城 ,驷马桥,3室1厅 , 86.96平米 , 南 , 精装 , 中楼层(共20层) , 2016年建 , 塔楼,2,17480,152,subway:近地铁;vr:VR房源;five:房本满两年,https://cd.lianjia.com/ershoufang/106103625301.html
106103675168,绿地世纪城精装套一采光视野很好,1号线(科学城-韦家碾),韦家碾站,绿地世纪城 ,驷马桥,1室1厅 , 50.24平米 , 西 , 精装 , 低楼层(共21层) , 2016年建 , 塔楼,1,16282,81.8,subway:近地铁;vr:VR房源;five:房本满两年,https://cd.lianjia.com/ershoufang/106103675168.html
106103697460,绿地世纪城套一改的套二 居家装修,1号线(科学城-韦家碾),韦家碾站,绿地世纪城 ,驷马桥,2室1厅 , 50.24平米 , 西 , 简装 , 低楼层(共21层) , 2016年建 , 塔楼,2,14929,75,subway:近地铁;vr:VR房源;taxfree:房本满五年,https://cd.lianjia.com/ershoufang/106103697460.html
106103738544,绿地世纪城居家装修大套四中间楼层,1号线(科学城-韦家碾),韦家碾站,绿地世纪城 ,驷马桥,4室2厅 , 121.39平米 , 北 , 精装 , 中楼层(共20层) , 2016年建 , 塔楼,4,17218,209,subway:近地铁;vr:VR房源;five:房本满两年,https://cd.lianjia.com/ershoufang/106103738544.html
106103800501,临地铁 小区中庭位置户型方正 自住装修 对游泳池,1号线(科学城-韦家碾),韦家碾站,绿地世纪城 ,驷马桥,3室2厅 , 86.48平米 , 西 , 简装 , 中楼层(共20层) , 2016年建 , 塔楼,1,17114,148,subway:近地铁;vr:VR房源;five:房本满两年,https://cd.lianjia.com/ershoufang/106103800501.html
106103862718,绿地世纪城标准大套二改套三，户型方正，采光充足。,1号线(科学城-韦家碾),韦家碾站,绿地世纪城 ,驷马桥,2室2厅 , 88.96平米 , 西 , 精装 , 中楼层(共20层) , 2016年建 , 塔楼,6,17424,155,subway:近地铁;vr:VR房源;five:房本满两年,https://cd.lianjia.com/ershoufang/106103862718.html
106103874028,绿地世纪城标准套一，精装修，拎包入住,1号线(科学城-韦家碾),韦家碾站,绿地世纪城 ,驷马桥,1室1厅 , 50.08平米 , 西 , 精装 , 中楼层(共21层) , 2016年建 , 塔楼,9,16973,85,subway:近地铁;vr:VR房源;five:房本满两年,https://cd.lianjia.com/ershoufang/106103874028.html
106103928915,绿地世纪城套三，位于中庭，中间楼层。,1号线(科学城-韦家碾),韦家碾站,绿地世纪城 ,驷马桥,3室1厅 , 86.41平米 , 东 , 精装 , 中楼层(共20层) , 2016年建 , 塔楼,2,17360,150,subway:近地铁;vr:VR房源;taxfree:房本满五年,https://cd.lianjia.com/ershoufang/106103928915.html
106104063100,地铁一号线，品质小区，拎包入住，户型方正,1号线(科学城-韦家碾),韦家碾站,绿地世纪城 ,驷马桥,3室2厅 , 86.57平米 , 南 , 精装 , 低楼层(共20层) , 2016年建 , 塔楼,4,18136,157,subway:近地铁;vr:VR房源;taxfree:房本满五年,https://cd.lianjia.com/ershoufang/106104063100.html
106104063534,标准套一  精装修  满二          房东急售,1号线(科学城-韦家碾),韦家碾站,绿地世纪城 ,驷马桥,1室1厅 , 50.62平米 , 东 , 精装 , 高楼层(共16层) , 2016年建 , 塔楼,9,15805,80,subway:近地铁;vr:VR房源;taxfree:房本满五年,https://cd.lianjia.com/ershoufang/106104063534.html
106104123902,绿地世纪城 视野开阔 诚心出售 保养好,1号线(科学城-韦家碾),韦家碾站,绿地世纪城 ,驷马桥,1室1厅 , 49.97平米 , 南 , 其他 , 高楼层(共21层) , 2016年建 , 塔楼,2,15010,75,subway:近地铁;vr:VR房源;taxfree:房本满五年,https://cd.lianjia.com/ershoufang/106104123902.html
106102929895,绿地世纪城套二 小区环境优美 人车分流,1号线(科学城-韦家碾),韦家碾站,绿地世纪城 ,驷马桥,2室1厅 , 75.85平米 , 南 , 简装 , 高楼层(共16层) , 2016年建 , 塔楼,1,15162,115,subway:近地铁;vr:VR房源;taxfree:房本满五年;haskey:随时看房,https://cd.lianjia.com/ershoufang/106102929895.html
106103281083,满两年无增值税 卧室带阳台 朝小区中庭 居家安静,1号线(科学城-韦家碾),韦家碾站,绿地世纪城 ,驷马桥,1室1厅 , 52.98平米 , 东 , 精装 , 中楼层(共18层) , 2016年建 , 塔楼,8,14440,76.5,vr:VR房源;taxfree:房本满五年;haskey:随时看房,https://cd.lianjia.com/ershoufang/106103281083.html
106103374707,绿地世纪世纪城清水套二，户型方正,1号线(科学城-韦家碾),韦家碾站,绿地世纪城 ,驷马桥,2室1厅 , 73.88平米 , 南 , 毛坯 , 高楼层(共16层) , 2016年建 , 塔楼,1,14890,110,vr:VR房源;five:房本满两年;haskey:随时看房,https://cd.lianjia.com/ershoufang/106103374707.html
106101052445,绿地世纪城标准套二，清水，装修方便 。,1号线(科学城-韦家碾),韦家碾站,绿地世纪城 ,驷马桥,2室1厅 , 74.08平米 , 南 , 毛坯 , 高楼层(共21层) , 2016年建 , 塔楼,4,15524,115,subway:近地铁;vr:VR房源;haskey:随时看房,https://cd.lianjia.com/ershoufang/106101052445.html
106102708683,绿地世纪城标准大套二，业主诚心卖。,1号线(科学城-韦家碾),韦家碾站,绿地世纪城 ,驷马桥,2室1厅 , 88.96平米 , 东 , 毛坯 , 低楼层(共20层) , 2016年建 , 塔楼,1,16750,149,subway:近地铁;vr:VR房源;haskey:随时看房,https://cd.lianjia.com/ershoufang/106102708683.html
106103368380,沙河北岸，标准装修套二，采光好视野好,1号线(科学城-韦家碾),韦家碾站,沙河北岸 ,驷马桥,2室2厅 , 85.32平米 , 东北 , 精装 , 低楼层(共6层) , 2006年建 , 板楼,4,11135,95,subway:近地铁;vr:VR房源;taxfree:房本满五年,https://cd.lianjia.com/ershoufang/106103368380.html
106101728610,绿地世纪城标准套二，位置安静，采光充足,1号线(科学城-韦家碾),韦家碾站,绿地世纪城 ,驷马桥,2室1厅 , 73.94平米 , 南 , 精装 , 高楼层(共21层) , 2016年建 , 塔楼,5,19205,142,subway:近地铁;vr:VR房源;five:房本满两年,https://cd.lianjia.com/ershoufang/106101728610.html
106103173878,绿地世纪城优质套二，居家装修，诚心出售,1号线(科学城-韦家碾),韦家碾站,绿地世纪城 ,驷马桥,2室1厅 , 71.07平米 , 西 , 精装 , 中楼层(共21层) , 2016年建 , 塔楼,3,15337,109,subway:近地铁;vr:VR房源;taxfree:房本满五年,https://cd.lianjia.com/ershoufang/106103173878.html
106103215711,一楼精装套二 2.5环 临地铁 临公园  随时看房,1号线(科学城-韦家碾),韦家碾站,双水康城A区 ,驷马桥,2室1厅 , 72.79平米 , 北 , 精装 , 低楼层(共6层)  ,, 板楼,5,11582,84.3,vr:VR房源;five:房本满两年;haskey:随时看房,https://cd.lianjia.com/ershoufang/106103215711.html
106103658037,绿地世纪城简装套二 满两年 户型方正,1号线(科学城-韦家碾),韦家碾站,绿地世纪城 ,驷马桥,2室1厅 , 71.07平米 , 西 , 简装 , 高楼层(共21层) , 2016年建 , 塔楼,1,15478,110,subway:近地铁;vr:VR房源;five:房本满两年;haskey:随时看房,https://cd.lianjia.com/ershoufang/106103658037.html
106101947632,绿地世纪城 清水套四 中间楼层对中庭,1号线(科学城-韦家碾),韦家碾站,绿地世纪城 ,驷马桥,4室2厅 , 121平米 , 北 , 毛坯 , 中楼层(共20层) , 2016年建 , 塔楼,2,17356,210,subway:近地铁;vr:VR房源;haskey:随时看房,https://cd.lianjia.com/ershoufang/106101947632.html
106101328815,2.5环精装修拎包入住标准套一，户型好全对中庭安静,1号线(科学城-韦家碾),韦家碾站,双水康城A区 ,驷马桥,1室1厅 , 44.71平米 , 东 , 精装 , 高楼层(共6层) , 2003年建 , 板楼,2,11810,52.8,vr:VR房源;haskey:随时看房,https://cd.lianjia.com/ershoufang/106101328815.html
106102589444,荆竹小区六号院 标准套一 位置安静,1号线(科学城-韦家碾),韦家碾站,荆竹小区6号院 ,驷马桥,1室1厅 , 47.29平米 , 南 , 简装 , 高楼层(共6层) , 1999年建 , 板楼,1,11208,53,subway:近地铁;vr:VR房源;haskey:随时看房,https://cd.lianjia.com/ershoufang/106102589444.html
106102922468,三环内绿地品质 清水套二方便装修 小区人车分流环境好,1号线(科学城-韦家碾),韦家碾站,绿地世纪城 ,驷马桥,2室1厅 , 70.43平米 , 西 , 毛坯 , 高楼层(共21层) , 2016年建 , 塔楼,1,14341,101,subway:近地铁;vr:VR房源;haskey:随时看房,https://cd.lianjia.com/ershoufang/106102922468.html
106101504907,绿地世纪城，标准套一，居家装修。采光好视野开阔。,1号线(科学城-韦家碾),韦家碾站,绿地世纪城 ,驷马桥,1室1厅 , 49.88平米 , 北 , 精装 , 中楼层(共18层) , 2016年建 , 塔楼,7,17041,85,vr:VR房源;taxfree:房本满五年,https://cd.lianjia.com/ershoufang/106101504907.html
106101634675,荆竹小区      简装   套二出售,1号线(科学城-韦家碾),韦家碾站,荆竹小区5号院 ,驷马桥,2室1厅 , 74.58平米 , 东南 , 简装 , 低楼层(共6层) , 2000年建 , 板楼,2,11398,85,subway:近地铁;vr:VR房源;five:房本满两年,https://cd.lianjia.com/ershoufang/106101634675.html
106101634780,绿地世纪城优质朝南优质套二，居家装修,1号线(科学城-韦家碾),韦家碾站,绿地世纪城 ,驷马桥,2室1厅 , 73.72平米 , 南 , 精装 , 高楼层(共18层) , 2016年建 , 塔楼,1,16007,118,subway:近地铁;vr:VR房源;taxfree:房本满五年,https://cd.lianjia.com/ershoufang/106101634780.html
106102173903,绿地世纪城3期房源，次新小区，配套完善。,1号线(科学城-韦家碾),韦家碾站,绿地世纪城 ,驷马桥,3室2厅 , 103.02平米 , 西南 , 简装 , 中楼层(共24层)  ,, 塔楼,2,17182,177,vr:VR房源;haskey:随时看房,https://cd.lianjia.com/ershoufang/106102173903.html
106102389594,绿地世纪城标准套一，视野开阔，采光充足。,1号线(科学城-韦家碾),韦家碾站,绿地世纪城 ,驷马桥,1室1厅 , 50.46平米 , 北 , 简装 , 低楼层(共21层) , 2016年建 , 塔楼,2,14646,73.9,subway:近地铁;vr:VR房源;haskey:随时看房,https://cd.lianjia.com/ershoufang/106102389594.html
106101446144,绿地世纪城标准套一，中楼层，对中庭,1号线(科学城-韦家碾),韦家碾站,绿地世纪城 ,驷马桥,1室1厅 , 53.01平米 , 南 , 精装 , 中楼层(共21层) , 2016年建 , 塔楼,7,16035,85,subway:近地铁;vr:VR房源;taxfree:房本满五年,https://cd.lianjia.com/ershoufang/106101446144.html
106101769185,荆竹小区六号院，标准清水房套二，顶楼带花园有卖,1号线(科学城-韦家碾),韦家碾站,荆竹小区6号院 ,驷马桥,2室1厅 , 74.46平米 , 南 北 , 毛坯 , 高楼层(共6层) , 1999年建 , 板楼,4,10745,80,subway:近地铁;vr:VR房源;taxfree:房本满五年,https://cd.lianjia.com/ershoufang/106101769185.html
106101787964,绿地世纪城次新小区，配套成熟，出行方便。,1号线(科学城-韦家碾),韦家碾站,绿地世纪城 ,驷马桥,2室1厅 , 71.4平米 , 东 , 精装 , 中楼层(共21层) , 2016年建 , 塔楼,6,16107,115,subway:近地铁;vr:VR房源;five:房本满两年,https://cd.lianjia.com/ershoufang/106101787964.html
106102799787,荆竹小区  套二  毛坯房  低楼层,1号线(科学城-韦家碾),韦家碾站,荆竹小区6号院 ,驷马桥,2室2厅 , 74.19平米 , 东 , 简装 , 低楼层(共6层) , 1999年建 , 板楼,1,11053,82,subway:近地铁;vr:VR房源;taxfree:房本满五年,https://cd.lianjia.com/ershoufang/106102799787.html
106103400975,绿地世纪城优质竖厅套二诚心出售居家装修,1号线(科学城-韦家碾),韦家碾站,绿地世纪城 ,驷马桥,2室1厅 , 68.18平米 , 东南 , 简装 , 低楼层(共21层) , 2016年建 , 塔楼,2,15254,104,subway:近地铁;vr:VR房源;five:房本满两年,https://cd.lianjia.com/ershoufang/106103400975.html
106103473909,绿地世纪城，优质套二，居家装修，诚心出售,1号线(科学城-韦家碾),韦家碾站,绿地世纪城 ,驷马桥,2室1厅 , 71.07平米 , 西 , 精装 , 低楼层(共21层) , 2016年建 , 塔楼,6,16182,115,subway:近地铁;vr:VR房源;five:房本满两年,https://cd.lianjia.com/ershoufang/106103473909.html
106103576295,绿地世纪城低楼层套二安静不临街,1号线(科学城-韦家碾),韦家碾站,绿地世纪城 ,驷马桥,2室2厅 , 71.57平米 , 南 , 精装 , 低楼层(共21层) , 2016年建 , 塔楼,1,15650,112,subway:近地铁;vr:VR房源;taxfree:房本满五年,https://cd.lianjia.com/ershoufang/106103576295.html
106103594073,1号线旁  绿地世纪城精装套二，,1号线(科学城-韦家碾),韦家碾站,绿地世纪城 ,驷马桥,2室2厅 , 73.94平米 , 东南 , 精装 , 高楼层(共21层) , 2016年建 , 塔楼,3,14850,109.8,subway:近地铁;vr:VR房源;taxfree:房本满五年,https://cd.lianjia.com/ershoufang/106103594073.html
106103793900,精装套二 户型方正 对小区中庭 采光好 卧室带阳台,1号线(科学城-韦家碾),韦家碾站,绿地世纪城 ,驷马桥,2室2厅 , 74.08平米 , 南 , 精装 , 中楼层(共21层) , 2016年建 , 塔楼,2,15659,116,subway:近地铁;vr:VR房源;taxfree:房本满五年,https://cd.lianjia.com/ershoufang/106103793900.html
106103843171,一号线地铁口有好房 楼层好 户型通透,1号线(科学城-韦家碾),韦家碾站,荆竹小区5号院 ,驷马桥,2室1厅 , 74.7平米 , 南 , 其他 , 低楼层(共6层)  ,, 板楼,1,10175,76,subway:近地铁;vr:VR房源;taxfree:房本满五年,https://cd.lianjia.com/ershoufang/106103843171.html
106104036394,满两年无增值税 客厅带阳台 视野开阔 居家安静,1号线(科学城-韦家碾),韦家碾站,绿地世纪城 ,驷马桥,2室1厅 , 75.77平米 , 南 , 精装 , 高楼层(共21层) , 2016年建 , 塔楼,2,15970,121,subway:近地铁;vr:VR房源;taxfree:房本满五年,https://cd.lianjia.com/ershoufang/106104036394.html
106104200560,标准套二，厅带阳台，小区安静，带屋顶花园,1号线(科学城-韦家碾),韦家碾站,荆竹小区7号院 ,驷马桥,2室2厅 , 74.59平米 , 东 , 简装 , 高楼层(共6层) , 1999年建 , 板楼,9,10458,78,subway:近地铁;vr:VR房源;taxfree:房本满五年,https://cd.lianjia.com/ershoufang/106104200560.html
106102394712,标准套一 采光很好 户型方正  拎包入住,1号线(科学城-韦家碾),韦家碾站,绿地世纪城 ,驷马桥,1室1厅 , 50.48平米 , 北 , 简装 , 中楼层(共21层) , 2016年建 , 塔楼,3,16839,85,subway:近地铁;vr:VR房源;haskey:随时看房,https://cd.lianjia.com/ershoufang/106102394712.html
106103532741,中间楼层，清水套一，方便自己装修,1号线(科学城-韦家碾),韦家碾站,双水康城A区 ,驷马桥,1室1厅 , 44.71平米 , 南 , 毛坯 , 高楼层(共6层) , 2004年建 , 板楼,2,10289,46,vr:VR房源;haskey:随时看房,https://cd.lianjia.com/ershoufang/106103532741.html
106103565020,绿地世纪城客厅带阳台标准套一价格可谈,1号线(科学城-韦家碾),韦家碾站,绿地世纪城 ,驷马桥,1室1厅 , 53平米 , 南 北 , 简装 , 高楼层(共21层) , 2016年建 , 塔楼,0,16038,85,subway:近地铁;vr:VR房源;haskey:随时看房,https://cd.lianjia.com/ershoufang/106103565020.html
106103575457,标准套一 精装房 对小区中庭 安静中间楼层,1号线(科学城-韦家碾),韦家碾站,绿地世纪城 ,驷马桥,1室1厅 , 53平米 , 东 , 精装 , 中楼层(共21层) , 2016年建 , 塔楼,3,15095,80,subway:近地铁;vr:VR房源;haskey:随时看房,https://cd.lianjia.com/ershoufang/106103575457.html
106103632789,绿地世纪城精装修套三，坐北朝南。,1号线(科学城-韦家碾),韦家碾站,绿地世纪城 ,驷马桥,3室1厅 , 86.58平米 , 南 , 精装 , 中楼层(共20层) , 2016年建 , 塔楼,6,17903,155,subway:近地铁;vr:VR房源;haskey:随时看房,https://cd.lianjia.com/ershoufang/106103632789.html
106103809596,采光好 视野好 多层楼梯房 客厅有阳台,1号线(科学城-韦家碾),韦家碾站,荆竹小区3号院 ,驷马桥,3室2厅 , 105平米 , 南 , 精装 , 高楼层(共6层) , 2007年建 , 板楼,1,10762,113,subway:近地铁;vr:VR房源;haskey:随时看房,https://cd.lianjia.com/ershoufang/106103809596.html
106103908623,对中庭 户型方正套三单卫 中高楼层装修好,1号线(科学城-韦家碾),韦家碾站,绿地世纪城 ,驷马桥,3室2厅 , 91.15平米 , 西北 , 精装 , 中楼层(共24层) , 2016年建 , 塔楼,8,18651,170,vr:VR房源;haskey:随时看房,https://cd.lianjia.com/ershoufang/106103908623.html
106102887876,绿地世纪城套二 环境优美 人车分流,1号线(科学城-韦家碾),韦家碾站,绿地世纪城 ,驷马桥,2室1厅 , 73.84平米 , 南 , 精装 , 低楼层(共16层) , 2016年建 , 塔楼,1,16252,120,subway:近地铁;vr:VR房源;five:房本满两年,https://cd.lianjia.com/ershoufang/106102887876.html
106102998593,荆竹小区六号院低楼层清水通透型套二,1号线(科学城-韦家碾),韦家碾站,荆竹小区6号院 ,驷马桥,2室2厅 , 74.46平米 , 东南 , 毛坯 , 低楼层(共6层) , 1999年建 , 板楼,6,10610,79,subway:近地铁;vr:VR房源;taxfree:房本满五年,https://cd.lianjia.com/ershoufang/106102998593.html
106101993036,错层格局，中间楼层，采光充足，可直接拎包入住,1号线(科学城-韦家碾),韦家碾站,沙河北岸 ,驷马桥,3室2厅 , 122平米 , 西北 , 精装 , 中楼层(共6层) , 2006年建 , 板楼,5,13115,160,subway:近地铁;vr:VR房源,https://cd.lianjia.com/ershoufang/106101993036.html
106102428580,地铁口  品质楼盘   温馨一居,1号线(科学城-韦家碾),韦家碾站,绿地世纪城 ,驷马桥,1室1厅 , 50.62平米 , 北 , 精装 , 低楼层(共16层) , 2016年建 , 塔楼,5,16990,86,vr:VR房源;haskey:随时看房,https://cd.lianjia.com/ershoufang/106102428580.html
106102258294,动物园 楼顶带花园的住宅 采光好,1号线(科学城-韦家碾),韦家碾站,荆竹小区7号院 ,驷马桥,2室1厅 , 74.46平米 , 西北 , 精装 , 高楼层(共6层) , 1999年建 , 板楼,1,13431,100,subway:近地铁;vr:VR房源;taxfree:房本满五年,https://cd.lianjia.com/ershoufang/106102258294.html
106103585861,精装大套二 家具家电全带 对中庭,1号线(科学城-韦家碾),韦家碾站,绿地世纪城 ,驷马桥,2室1厅 , 86.62平米 , 北 , 精装 , 中楼层(共20层) , 2016年建 , 塔楼,9,16163,140,subway:近地铁;vr:VR房源;taxfree:房本满五年,https://cd.lianjia.com/ershoufang/106103585861.html
106103710984,沙河北岸 2室2厅 110万,1号线(科学城-韦家碾),韦家碾站,沙河北岸 ,驷马桥,2室2厅 , 85.23平米 , 南 , 简装 , 低楼层(共6层) , 2006年建 , 板楼,1,12907,110,subway:近地铁;vr:VR房源;taxfree:房本满五年,https://cd.lianjia.com/ershoufang/106103710984.html
106103957976,地铁口旁，绿地世纪城，品质小区，拎包入住。,1号线(科学城-韦家碾),韦家碾站,绿地世纪城 ,驷马桥,1室1厅 , 49.94平米 , 北 , 精装 , 高楼层(共16层) , 2016年建 , 塔楼,1,15379,76.8,subway:近地铁;vr:VR房源;five:房本满两年,https://cd.lianjia.com/ershoufang/106103957976.html
106103069284,沙河北岸位于驷马桥地铁一号线房子户型很方正,1号线(科学城-韦家碾),韦家碾站,沙河北岸 ,驷马桥,3室2厅 , 120.52平米 , 东南 , 简装 , 中楼层(共6层) , 2006年建 , 板楼,0,12447,150,subway:近地铁;vr:VR房源,https://cd.lianjia.com/ershoufang/106103069284.html
106103596356,沙河北岸大套三 满两年出售无增值税,1号线(科学城-韦家碾),韦家碾站,沙河北岸 ,驷马桥,3室2厅 , 114平米 , 东南 , 简装 , 高楼层(共6层) , 2006年建 , 板楼,2,11053,126,subway:近地铁;vr:VR房源,https://cd.lianjia.com/ershoufang/106103596356.html
106102692560,沙河北岸  高楼层采光好，套二出售,1号线(科学城-韦家碾),韦家碾站,沙河北岸 ,驷马桥,2室1厅 , 86平米 , 东南 西北 , 简装 , 高楼层(共6层) , 2006年建 , 板楼,5,11977,103,subway:近地铁;vr:VR房源;haskey:随时看房,https://cd.lianjia.com/ershoufang/106102692560.html
106102583386,2.5环08年商品房，沙河北岸错层套三出售,1号线(科学城-韦家碾),韦家碾站,沙河北岸 ,驷马桥,3室2厅 , 132平米 , 东南 , 简装 , 中楼层(共6层) , 2013年建 , 板楼,1,12122,160,subway:近地铁;vr:VR房源,https://cd.lianjia.com/ershoufang/106102583386.html
106103075461,中环路临地铁公园 沙河凤凰城大套一,1号线(科学城-韦家碾),韦家碾站,沙河凤凰城 ,驷马桥,1室1厅 , 51.5平米 , 南 , 简装 , 中楼层(共7层) , 2012年建 , 暂无数据,2,10874,56,vr:VR房源,https://cd.lianjia.com/ershoufang/106103075461.html
106103106991,中环路优质套三，园林式建筑小区,1号线(科学城-韦家碾),韦家碾站,沙河凤凰城 ,驷马桥,3室2厅 , 83平米 , 东 , 简装 , 中楼层(共7层)  ,, 暂无数据,5,12049,100,vr:VR房源,https://cd.lianjia.com/ershoufang/106103106991.html
106103132160,沙河凤凰城套二 装修好 户型方正,1号线(科学城-韦家碾),韦家碾站,沙河凤凰城 ,驷马桥,2室1厅 , 61.5平米 , 北 , 简装 , 中楼层(共7层)  ,, 平房,8,11383,70,vr:VR房源,https://cd.lianjia.com/ershoufang/106103132160.html
106103137327,绿地世纪城标准套四，户型方正，布局合理,1号线(科学城-韦家碾),韦家碾站,绿地世纪城 ,驷马桥,4室1厅 , 121.14平米 , 北 , 简装 , 低楼层(共20层) , 2016年建 , 塔楼,4,16923,205,subway:近地铁;vr:VR房源,https://cd.lianjia.com/ershoufang/106103137327.html
106103190911,绿地世纪城  标准套三 采光视野好，拎包入住,1号线(科学城-韦家碾),韦家碾站,绿地世纪城 ,驷马桥,3室1厅 , 107平米 , 南 北 , 精装 , 高楼层(共20层) , 2016年建 , 塔楼,6,18692,200,subway:近地铁;vr:VR房源,https://cd.lianjia.com/ershoufang/106103190911.html
106103281246,绿地世纪城优质套一居家安静诚心出售,1号线(科学城-韦家碾),韦家碾站,绿地世纪城 ,驷马桥,1室1厅 , 50.08平米 , 西 , 精装 , 高楼层(共21层) , 2016年建 , 塔楼,1,16973,85,subway:近地铁;vr:VR房源,https://cd.lianjia.com/ershoufang/106103281246.html
106103323372,绿地世纪城大套三精装修，客厅朝北对中庭，主卧朝南,1号线(科学城-韦家碾),韦家碾站,绿地世纪城 ,驷马桥,3室2厅 , 107.53平米 , 北 , 精装 , 低楼层(共20层) , 2016年建 , 塔楼,1,17205,185,subway:近地铁;vr:VR房源,https://cd.lianjia.com/ershoufang/106103323372.html
106102545787,绿地世纪城标准套三，纯清水便于改造。,1号线(科学城-韦家碾),韦家碾站,绿地世纪城 ,驷马桥,3室2厅 , 92平米 , 南 , 毛坯 , 高楼层(共24层)  ,, 塔楼,1,17609,162,vr:VR房源;haskey:随时看房,https://cd.lianjia.com/ershoufang/106102545787.html
106103293434,2.5环 成熟配套 标准套二 房龄新,1号线(科学城-韦家碾),韦家碾站,沙河凤凰城 ,驷马桥,2室1厅 , 74平米 , 东 , 简装 , 中楼层(共7层) , 2010年建 , 板楼,7,10541,78,vr:VR房源;haskey:随时看房,https://cd.lianjia.com/ershoufang/106103293434.html
106103591177,绿地世纪城，精装套二，采光很好,1号线(科学城-韦家碾),韦家碾站,绿地世纪城 ,驷马桥,2室1厅 , 75.77平米 , 南 , 精装 , 低楼层(共21层) , 2016年建 , 塔楼,3,14518,110,subway:近地铁;vr:VR房源;haskey:随时看房,https://cd.lianjia.com/ershoufang/106103591177.html
106103637769,房子买一得二，户型方正。不临街,1号线(科学城-韦家碾),韦家碾站,沙河北岸 ,驷马桥,4室1厅 , 79.32平米 , 东南 , 精装 , 高楼层(共6层) , 2006年建 , 板楼,3,12103,96,subway:近地铁;vr:VR房源;haskey:随时看房,https://cd.lianjia.com/ershoufang/106103637769.html
106103683738,双水康城A区标准套二全对中庭户型方正,1号线(科学城-韦家碾),韦家碾站,双水康城A区 ,驷马桥,2室1厅 , 72.46平米 , 北 , 毛坯 , 高楼层(共6层) , 2005年建 , 板楼,4,10351,75,vr:VR房源;haskey:随时看房,https://cd.lianjia.com/ershoufang/106103683738.html
106103768413,此房为多层步梯的商品房，套二中间楼层,1号线(科学城-韦家碾),韦家碾站,沙河北岸 ,驷马桥,2室1厅 , 85平米 , 南 , 其他 , 中楼层(共6层)  ,, 板楼,7,11648,99,subway:近地铁;vr:VR房源;haskey:随时看房,https://cd.lianjia.com/ershoufang/106103768413.html
106103782632,绿地世纪城 清水套三双卫 诚心出售 交通便利 环境优美,1号线(科学城-韦家碾),韦家碾站,绿地世纪城 ,驷马桥,3室1厅 , 103.02平米 , 东南 西北 , 毛坯 , 低楼层(共24层)  ,, 塔楼,5,15337,158,subway:近地铁;vr:VR房源;haskey:随时看房,https://cd.lianjia.com/ershoufang/106103782632.html
106103989281,次新小区 清水套三双卫 对小区中庭 采光好,1号线(科学城-韦家碾),韦家碾站,绿地世纪城 ,驷马桥,3室2厅 , 103平米 , 东南 , 毛坯 , 低楼层(共24层)  ,, 塔楼,1,22331,230,vr:VR房源;haskey:随时看房,https://cd.lianjia.com/ershoufang/106103989281.html
106104229241,绿地世纪城 3室2厅 196万,1号线(科学城-韦家碾),韦家碾站,绿地世纪城 ,驷马桥,3室2厅 , 102.6平米 , 北 , 其他 , 低楼层(共21层)  ,, 塔楼,1,19104,196,subway:近地铁;vr:VR房源,https://cd.lianjia.com/ershoufang/106104229241.html
106102960954,绿地世纪城精致装修套四双卫带地暖。客厅朝北主卧朝南,1号线(科学城-韦家碾),韦家碾站,绿地世纪城 ,驷马桥,4室2厅 , 120.02平米 , 北 , 精装 , 中楼层(共20层) , 2016年建 , 塔楼,7,20914,251,subway:近地铁;vr:VR房源,https://cd.lianjia.com/ershoufang/106102960954.html
106102989792,绿地世纪城精装套四，配套成熟，交通方便,1号线(科学城-韦家碾),韦家碾站,绿地世纪城 ,驷马桥,4室1厅 , 121.39平米 , 南 , 精装 , 高楼层(共20层) , 2016年建 , 塔楼,3,21419,260,subway:近地铁;vr:VR房源,https://cd.lianjia.com/ershoufang/106102989792.html
106102993095,绿地世纪城优质套一，中间楼层对中庭精装修,1号线(科学城-韦家碾),韦家碾站,绿地世纪城 ,驷马桥,1室1厅 , 52.86平米 , 南 , 精装 , 高楼层(共21层) , 2016年建 , 塔楼,2,14378,76,subway:近地铁;vr:VR房源,https://cd.lianjia.com/ershoufang/106102993095.html
106103072609,荆竹小区7号院大套三，户型房子格局好,1号线(科学城-韦家碾),韦家碾站,荆竹小区7号院 ,驷马桥,3室2厅 , 111.58平米 , 南 , 简装 , 低楼层(共6层) , 1999年建 , 板楼,3,11651,130,subway:近地铁;vr:VR房源,https://cd.lianjia.com/ershoufang/106103072609.html
106103188930,地铁1号线 旁边凤凰山音乐公园 诚心出售,1号线(科学城-韦家碾),韦家碾站,沙河凤凰城 ,驷马桥,3室2厅 , 83平米 , 南 , 简装 , 低楼层(共7层)  ,, 暂无数据,8,12049,100,vr:VR房源,https://cd.lianjia.com/ershoufang/106103188930.html
106103218890,绿地清水套三，朝南可自行装修  户型方正 采光好,1号线(科学城-韦家碾),韦家碾站,绿地世纪城 ,驷马桥,3室1厅 , 87平米 , 南 , 毛坯 , 低楼层(共20层) , 2016年建 , 塔楼,2,16897,147,subway:近地铁;vr:VR房源,https://cd.lianjia.com/ershoufang/106103218890.html
106103240133,1楼带花园，房东自住 户型房子无浪费,1号线(科学城-韦家碾),韦家碾站,沙河北岸 ,驷马桥,3室2厅 , 114.37平米 , 北 , 简装 , 低楼层(共6层) , 2006年建 , 板楼,1,13247,151.5,subway:近地铁;vr:VR房源,https://cd.lianjia.com/ershoufang/106103240133.html
106103269744,沙河凤凰城低楼层套一优质诚心出售,1号线(科学城-韦家碾),韦家碾站,沙河凤凰城 ,驷马桥,1室1厅 , 42.44平米 , 东 , 简装 , 低楼层(共7层)  ,, 暂无数据,1,11311,48,vr:VR房源,https://cd.lianjia.com/ershoufang/106103269744.html
106103415367,此房套三精装修的，房东诚心卖户型好采光离地铁更近,1号线(科学城-韦家碾),韦家碾站,绿地世纪城 ,驷马桥,3室2厅 , 91.17平米 , 西南 , 精装 , 高楼层(共24层)  ,, 塔楼,8,19744,180,subway:近地铁;vr:VR房源,https://cd.lianjia.com/ershoufang/106103415367.html
106103550771,绿地品质三居 超强视野 朝南 对中庭 对游泳池,1号线(科学城-韦家碾),韦家碾站,绿地世纪城 ,驷马桥,3室1厅 , 86.52平米 , 南 , 精装 , 高楼层(共20层) , 2016年建 , 塔楼,1,17684,153,subway:近地铁;vr:VR房源,https://cd.lianjia.com/ershoufang/106103550771.html
106103562519,2.5环地铁口标准套一，目前出租,1号线(科学城-韦家碾),韦家碾站,双水康城D区 ,驷马桥,1室1厅 , 47.26平米 , 南 , 毛坯 , 中楼层(共6层) , 2004年建 , 板楼,4,9734,46,vr:VR房源,https://cd.lianjia.com/ershoufang/106103562519.html
106103636096,2.5环标准套一，交通设施齐全,1号线(科学城-韦家碾),韦家碾站,双水康城D区 ,驷马桥,1室1厅 , 44.27平米 , 北 , 毛坯 , 低楼层(共7层) , 1999年建 , 板楼,1,10617,47,vr:VR房源,https://cd.lianjia.com/ershoufang/106103636096.html
106103688982,双水康城标准套一户型方正采光好,1号线(科学城-韦家碾),韦家碾站,双水康城A区 ,驷马桥,1室1厅 , 44.58平米 , 南 , 毛坯 , 高楼层(共6层)  ,, 板楼,1,10768,48,vr:VR房源,https://cd.lianjia.com/ershoufang/106103688982.html
106103698970,精装套四，采光通风好，视野开阔。,1号线(科学城-韦家碾),韦家碾站,绿地世纪城 ,驷马桥,4室2厅 , 119.8平米 , 南 北 , 精装 , 高楼层(共20层) , 2016年建 , 塔楼,2,18364,220,subway:近地铁;vr:VR房源,https://cd.lianjia.com/ershoufang/106103698970.html
106103712069,绿地世纪城精装套四，中庭位置，安静不吵,1号线(科学城-韦家碾),韦家碾站,绿地世纪城 ,驷马桥,4室1厅 , 120.38平米 , 北 , 精装 , 高楼层(共20层) , 2016年建 , 塔楼,8,19937,240,subway:近地铁;vr:VR房源,https://cd.lianjia.com/ershoufang/106103712069.html
106103721120,绿地世纪城，精装修套一，可以拎包入住,1号线(科学城-韦家碾),韦家碾站,绿地世纪城 ,驷马桥,1室1厅 , 50.57平米 , 北 , 精装 , 低楼层(共18层) , 2016年建 , 塔楼,3,17007,86,vr:VR房源,https://cd.lianjia.com/ershoufang/106103721120.html
106103738170,沙河凤凰城小套二户型纯清水方便装修,1号线(科学城-韦家碾),韦家碾站,沙河凤凰城 ,驷马桥,2室2厅 , 62平米 , 东 , 毛坯 , 中楼层(共7层)  ,, 平房,1,11017,68.3,vr:VR房源,https://cd.lianjia.com/ershoufang/106103738170.html
106103766691,客厅带飘窗  视野开阔   居家,1号线(科学城-韦家碾),韦家碾站,绿地世纪城 ,驷马桥,1室1厅 , 49.88平米 , 北 , 简装 , 高楼层(共18层) , 2016年建 , 塔楼,0,17041,85,subway:近地铁;vr:VR房源,https://cd.lianjia.com/ershoufang/106103766691.html
106103775867,地铁一号线，品质小区，拎包入住，户型方正,1号线(科学城-韦家碾),韦家碾站,绿地世纪城 ,驷马桥,3室2厅 , 103.02平米 , 东 , 精装 , 中楼层(共24层) , 2016年建 , 塔楼,2,18444,190,vr:VR房源,https://cd.lianjia.com/ershoufang/106103775867.html
106103877148,此房精装修，拎包入住，对公园，视野好，人车分流,1号线(科学城-韦家碾),韦家碾站,绿地世纪城 ,驷马桥,1室1厅 , 49.94平米 , 北 , 精装 , 中楼层(共16层) , 2016年建 , 塔楼,3,15619,78,subway:近地铁;vr:VR房源,https://cd.lianjia.com/ershoufang/106103877148.html
106103945078,绿地世纪城套四双卫中间楼层，有装修可看房,1号线(科学城-韦家碾),韦家碾站,绿地世纪城 ,驷马桥,4室2厅 , 119.71平米 , 东南 , 其他 , 中楼层(共20层) , 2016年建 , 塔楼,4,16958,203,vr:VR房源,https://cd.lianjia.com/ershoufang/106103945078.html
106103958080,绿地世纪城朝中庭，有装修套四。,1号线(科学城-韦家碾),韦家碾站,绿地世纪城 ,驷马桥,4室1厅 , 121.39平米 , 北 , 其他 , 中楼层(共20层) , 2016年建 , 塔楼,4,16888,205,subway:近地铁;vr:VR房源,https://cd.lianjia.com/ershoufang/106103958080.html
106104028512,2.5错层大套三，居家装修，户型方正全面对中庭，,1号线(科学城-韦家碾),韦家碾站,沙河北岸 ,驷马桥,3室2厅 , 122平米 , 东 , 其他 , 高楼层(共6层) , 2006年建 , 板楼,0,13000,158.6,subway:近地铁;vr:VR房源,https://cd.lianjia.com/ershoufang/106104028512.html
106104093364,绿地三期，套三单卫精装修  安静不吵,1号线(科学城-韦家碾),韦家碾站,绿地世纪城 ,驷马桥,3室2厅 , 91.15平米 , 东北 , 精装 , 高楼层(共24层)  ,, 塔楼,1,24411,222.5,vr:VR房源,https://cd.lianjia.com/ershoufang/106104093364.html
106104126219,地铁一号线，品质次新小区，环境好，人车分流,1号线(科学城-韦家碾),韦家碾站,绿地世纪城 ,驷马桥,4室1厅 , 121.39平米 , 北 , 精装 , 低楼层(共20层) , 2016年建 , 塔楼,0,20266,246,subway:近地铁;vr:VR房源,https://cd.lianjia.com/ershoufang/106104126219.html
106104134133,此房装修可以直接入住，视野无遮挡，安静，,1号线(科学城-韦家碾),韦家碾站,绿地世纪城 ,驷马桥,3室2厅 , 91.15平米 , 北 , 简装 , 低楼层(共24层) , 2016年建 , 塔楼,0,20406,186,vr:VR房源,https://cd.lianjia.com/ershoufang/106104134133.html
106101677006,荆竹小区套二，户型方正，不临街，可随时看房,1号线(科学城-韦家碾),韦家碾站,荆竹小区5号院 ,驷马桥,2室2厅 , 75平米 , 东南 , 毛坯 , 高楼层(共6层) , 2000年建 , 板楼,4,11467,86,subway:近地铁;vr:VR房源,https://cd.lianjia.com/ershoufang/106101677006.html
106102990041,绿地世纪城  大套二  精装修,1号线(科学城-韦家碾),韦家碾站,绿地世纪城 ,驷马桥,2室1厅 , 82平米 , 北 , 精装 , 中楼层(共24层) , 2016年建 , 塔楼,2,16769,137.5,vr:VR房源,https://cd.lianjia.com/ershoufang/106102990041.html
106103756689,全朝南对中庭，很安静，简单装修，采光视野都很不错,1号线(科学城-韦家碾),韦家碾站,绿地世纪城 ,驷马桥,2室1厅 , 73.94平米 , 东南 , 简装 , 高楼层(共21层) , 2016年建 , 塔楼,2,16203,119.8,subway:近地铁;vr:VR房源,https://cd.lianjia.com/ershoufang/106103756689.html
106103828084,绿地世纪城标准套一视野开阔采光好,1号线(科学城-韦家碾),韦家碾站,绿地世纪城 ,驷马桥,1室1厅 , 49.88平米 , 北 , 精装 , 高楼层(共18层) , 2016年建 , 塔楼,0,17643,88,subway:近地铁;vr:VR房源;haskey:随时看房,https://cd.lianjia.com/ershoufang/106103828084.html
106101213759,绿地世纪城标准套一，有装修 。,1号线(科学城-韦家碾),韦家碾站,绿地世纪城 ,驷马桥,1室1厅 , 50.97平米 , 北 , 精装 , 中楼层(共18层) , 2016年建 , 塔楼,2,14911,76,vr:VR房源,https://cd.lianjia.com/ershoufang/106101213759.html
106103837806,中环路地铁口交通方便多层6跃7，改动空间大,1号线(科学城-韦家碾),韦家碾站,双水康城A区 ,驷马桥,3室2厅 , 106.85平米 , 东 , 简装 , 高楼层(共6层) , 2004年建 , 板楼,3,11231,120,vr:VR房源,https://cd.lianjia.com/ershoufang/106103837806.html
106101649345,荆竹小区，优质套二出售，地铁200米，配套完善,1号线(科学城-韦家碾),韦家碾站,荆竹小区7号院 ,驷马桥,2室2厅 , 74.46平米 , 东 , 简装 , 高楼层(共6层) , 1999年建 , 板楼,1,10745,80,subway:近地铁;vr:VR房源,https://cd.lianjia.com/ershoufang/106101649345.html
106102442418,荆竹小区七号院，金三银四好楼层，小区安静，诚心出售,1号线(科学城-韦家碾),韦家碾站,荆竹小区7号院 ,驷马桥,2室2厅 , 74平米 , 东 , 简装 , 中楼层(共6层) , 1999年建 , 板楼,1,11892,88,subway:近地铁;vr:VR房源,https://cd.lianjia.com/ershoufang/106102442418.html
106102630493,驷马桥多层商品房，自住装修套二，客厅带阳台,1号线(科学城-韦家碾),韦家碾站,沙河北岸 ,驷马桥,2室1厅 , 79.32平米 , 东南 南 , 简装 , 中楼层(共6层) , 2006年建 , 板楼,5,12608,100,subway:近地铁;vr:VR房源,https://cd.lianjia.com/ershoufang/106102630493.html
106102995334,对中庭 视野开阔 保养好  自住装修,1号线(科学城-韦家碾),韦家碾站,绿地世纪城 ,驷马桥,2室2厅 , 74平米 , 南 , 精装 , 中楼层(共16层) , 2016年建 , 塔楼,5,15676,116,subway:近地铁;vr:VR房源,https://cd.lianjia.com/ershoufang/106102995334.html
106103371106,居家两室 有地铁 小区新 音乐公园地/铁旁 无增值税,1号线(科学城-韦家碾),韦家碾站,绿地世纪城 ,驷马桥,2室2厅 , 75.77平米 , 南 , 精装 , 高楼层(共21层) , 2016年建 , 塔楼,1,16894,128,subway:近地铁;vr:VR房源,https://cd.lianjia.com/ershoufang/106103371106.html
106102036886,荆竹小区标准套二，居家舒适小区。经济实惠,1号线(科学城-韦家碾),韦家碾站,荆竹小区6号院 ,驷马桥,2室2厅 , 74.59平米 , 南 , 简装 , 高楼层(共6层) , 1999年建 , 板楼,1,10055,75,subway:近地铁;vr:VR房源,https://cd.lianjia.com/ershoufang/106102036886.html
106102676193,沙河北岸 可做生意 复合式跃层套一,1号线(科学城-韦家碾),韦家碾站,沙河北岸 ,驷马桥,1室1厅 , 58.23平米 , 北 , 简装 , 低楼层(共6层) , 2006年建 , 板楼,2,11850,69,subway:近地铁;vr:VR房源,https://cd.lianjia.com/ershoufang/106102676193.html
106102808107,绿地世纪城 精装修套二 对中庭,1号线(科学城-韦家碾),韦家碾站,绿地世纪城 ,驷马桥,2室1厅 , 70.6平米 , 东 , 精装 , 中楼层(共21层) , 2016年建 , 塔楼,1,16431,116,subway:近地铁;vr:VR房源,https://cd.lianjia.com/ershoufang/106102808107.html
106103318233,凤凰城 标准套二，居家装修，中间楼层,1号线(科学城-韦家碾),韦家碾站,沙河凤凰城 ,驷马桥,2室1厅 , 61.86平米 , 西南 , 简装 , 中楼层(共7层) , 2012年建 , 暂无数据,1,10815,66.9,vr:VR房源,https://cd.lianjia.com/ershoufang/106103318233.html
106103340769,绿地世纪城一楼带花园标准套二诚心出售,1号线(科学城-韦家碾),韦家碾站,绿地世纪城 ,驷马桥,2室1厅 , 71.7平米 , 南 , 简装 , 低楼层(共16层) , 2016年建 , 塔楼,6,16737,120,vr:VR房源,https://cd.lianjia.com/ershoufang/106103340769.html
106103473496,业主居家装修  拎包入住  对小区中庭,1号线(科学城-韦家碾),韦家碾站,荆竹小区5号院 ,驷马桥,2室1厅 , 74平米 , 南 , 精装 , 低楼层(共6层) , 2000年建 , 板楼,1,11892,88,subway:近地铁;vr:VR房源,https://cd.lianjia.com/ershoufang/106103473496.html
106103530963,绿地世纪城套四双卫看中庭安静不临街,1号线(科学城-韦家碾),韦家碾站,绿地世纪城 ,驷马桥,4室2厅 , 121平米 , 北 , 精装 , 高楼层(共20层) , 2016年建 , 塔楼,0,19835,240,subway:近地铁;vr:VR房源,https://cd.lianjia.com/ershoufang/106103530963.html
106103591132,1号线旁绿地世纪城*精装套一*业主诚心卖,1号线(科学城-韦家碾),韦家碾站,绿地世纪城 ,驷马桥,1室1厅 , 53.03平米 , 南 , 精装 , 中楼层(共16层) , 2016年建 , 塔楼,4,15652,83,subway:近地铁;vr:VR房源,https://cd.lianjia.com/ershoufang/106103591132.html
106103593571,1号线旁绿地世纪城小套三，适合住家,1号线(科学城-韦家碾),韦家碾站,绿地世纪城 ,驷马桥,3室2厅 , 87平米 , 南 , 精装 , 低楼层(共20层) , 2016年建 , 塔楼,1,17012,148,subway:近地铁;vr:VR房源,https://cd.lianjia.com/ershoufang/106103593571.html
106103681642,绿地世纪城带花园套二，朝南，精装修，拎包入住。,1号线(科学城-韦家碾),韦家碾站,绿地世纪城 ,驷马桥,2室1厅 , 73.63平米 , 南 , 精装 , 低楼层(共21层) , 2016年建 , 塔楼,6,15619,115,subway:近地铁;vr:VR房源,https://cd.lianjia.com/ershoufang/106103681642.html
106103723870,绿地世纪城标准大套二，户型方正。,1号线(科学城-韦家碾),韦家碾站,绿地世纪城 ,驷马桥,2室1厅 , 88.96平米 , 东 , 精装 , 中楼层(共20层) , 2016年建 , 塔楼,1,15176,135,subway:近地铁;vr:VR房源,https://cd.lianjia.com/ershoufang/106103723870.html
106103754136,绿地世纪城精装修标准套二带花园诚心,1号线(科学城-韦家碾),韦家碾站,绿地世纪城 ,驷马桥,2室1厅 , 68.89平米 , 西 , 精装 , 低楼层(共21层) , 2016年建 , 塔楼,5,18145,125,subway:近地铁;vr:VR房源,https://cd.lianjia.com/ershoufang/106103754136.html
106103778855,1号线旁精装套三，看房子很方便,1号线(科学城-韦家碾),韦家碾站,绿地世纪城 ,驷马桥,3室2厅 , 92平米 , 南 , 精装 , 低楼层(共24层) , 2016年建 , 塔楼,0,19566,180,vr:VR房源,https://cd.lianjia.com/ershoufang/106103778855.html
106103906829,沙河凤凰城优质套二，地体1号线，中环路,1号线(科学城-韦家碾),韦家碾站,沙河凤凰城 ,驷马桥,2室1厅 , 61.86平米 , 北 , 毛坯 , 低楼层(共7层)  ,, 暂无数据,1,10831,67,vr:VR房源,https://cd.lianjia.com/ershoufang/106103906829.html
106103978650,1号线韦家碾旁 绿地世纪城精装婚房套二 中高楼层,1号线(科学城-韦家碾),韦家碾站,绿地世纪城 ,驷马桥,2室1厅 , 70.94平米 , 西 , 精装 , 中楼层(共21层) , 2016年建 , 塔楼,4,16916,120,subway:近地铁;vr:VR房源,https://cd.lianjia.com/ershoufang/106103978650.html
106103980040,多层标准套二，中间楼层，简单装修,1号线(科学城-韦家碾),韦家碾站,荆竹小区6号院 ,驷马桥,2室2厅 , 74.59平米 , 东南 , 其他 , 中楼层(共6层) , 1999年建 , 板楼,2,10458,78,subway:近地铁;vr:VR房源,https://cd.lianjia.com/ershoufang/106103980040.html
106104004080,地铁口速卖好房，看过来看过来。,1号线(科学城-韦家碾),韦家碾站,绿地世纪城 ,驷马桥,2室1厅 , 71.07平米 , 东 , 简装 , 中楼层(共21层) , 2016年建 , 塔楼,1,15056,107,subway:近地铁;vr:VR房源,https://cd.lianjia.com/ershoufang/106104004080.html
106104014575,户型方正，交通方便，配套齐全，居住方便舒适。,1号线(科学城-韦家碾),韦家碾站,沙河凤凰城 ,驷马桥,2室1厅 , 61.86平米 , 南 北 , 简装 , 中楼层(共7层) , 2012年建 , 暂无数据,3,13580,84,vr:VR房源,https://cd.lianjia.com/ershoufang/106104014575.html
106104024675,户型方正，交通方便，配套齐全，居住方便舒适,1号线(科学城-韦家碾),韦家碾站,沙河凤凰城 ,驷马桥,2室2厅 , 72.28平米 , 南 , 简装 , 中楼层(共7层)  ,, 暂无数据,1,11622,84,vr:VR房源,https://cd.lianjia.com/ershoufang/106104024675.html
106104035001,房东诚心出售，采光很好，对中庭很安静,1号线(科学城-韦家碾),韦家碾站,双水康城A区 ,驷马桥,2室1厅 , 71.75平米 , 东南 , 毛坯 , 高楼层(共6层) , 2005年建 , 板楼,5,10453,75,vr:VR房源,https://cd.lianjia.com/ershoufang/106104035001.html
106104058901,地铁一号线，交通方便，品质小区。,1号线(科学城-韦家碾),韦家碾站,绿地世纪城 ,驷马桥,2室1厅 , 70.94平米 , 东 , 精装 , 中楼层(共21层) , 2016年建 , 塔楼,1,17903,127,subway:近地铁;vr:VR房源,https://cd.lianjia.com/ershoufang/106104058901.html
106104116179,绿地精装两居 全南户型 中高楼层对中庭 可带车位出售,1号线(科学城-韦家碾),韦家碾站,绿地世纪城 ,驷马桥,2室1厅 , 74平米 , 南 , 其他 , 高楼层(共21层) , 2016年建 , 塔楼,6,15541,115,subway:近地铁;vr:VR房源,https://cd.lianjia.com/ershoufang/106104116179.html
106104200369,绿地世纪城 1室1厅 79万,1号线(科学城-韦家碾),韦家碾站,绿地世纪城 ,驷马桥,1室1厅 , 52.98平米 , 南 , 其他 , 高楼层(共18层) , 2016年建 , 塔楼,1,14912,79,vr:VR房源,https://cd.lianjia.com/ershoufang/106104200369.html
106101652041,精装套三，带阳台。诚心出售，居家装修,1号线(科学城-韦家碾),韦家碾站,荆竹小区3号院 ,驷马桥,3室2厅 , 111平米 , 东 , 简装 , 高楼层(共6层) , 2007年建 , 板楼,2,12343,137,subway:近地铁;vr:VR房源,https://cd.lianjia.com/ershoufang/106101652041.html
106102044968,绿地中庭套四 业主装修保养好 居家安静,1号线(科学城-韦家碾),韦家碾站,绿地世纪城 ,驷马桥,4室2厅 , 120.02平米 , 北 , 精装 , 中楼层(共20层) , 2016年建 , 塔楼,5,17664,212,subway:近地铁;vr:VR房源,https://cd.lianjia.com/ershoufang/106102044968.html
106102603107,荆竹小区5号院 2室1厅 75万,1号线(科学城-韦家碾),韦家碾站,荆竹小区5号院 ,驷马桥,2室1厅 , 74.58平米 , 东南 , 简装 , 高楼层(共6层)  ,, 板楼,2,10057,75,subway:近地铁;vr:VR房源,https://cd.lianjia.com/ershoufang/106102603107.html
106103018041,小区中庭位置  户型方正中间楼层标准套三双卫,1号线(科学城-韦家碾),韦家碾站,绿地世纪城 ,驷马桥,3室2厅 , 102平米 , 北 , 精装 , 中楼层(共21层)  ,, 塔楼,5,19608,200,subway:近地铁;vr:VR房源,https://cd.lianjia.com/ershoufang/106103018041.html
106103108626,双水康城大套三 1号线韦家碾地铁 南北双公园,1号线(科学城-韦家碾),韦家碾站,双水康城A区 ,驷马桥,3室2厅 , 108.61平米 , 东 东南 , 简装 , 低楼层(共6层)  ,, 板楼,2,10018,108.8,vr:VR房源,https://cd.lianjia.com/ershoufang/106103108626.html
106103461111,绿地世纪城精装套二 朝南采光好,1号线(科学城-韦家碾),韦家碾站,绿地世纪城 ,驷马桥,2室2厅 , 74.14平米 , 南 , 精装 , 高楼层(共18层) , 2016年建 , 塔楼,1,15107,112,subway:近地铁;vr:VR房源,https://cd.lianjia.com/ershoufang/106103461111.html
106103522614,1号线韦家碾旁 绿地世纪城 套四双卫 采光好,1号线(科学城-韦家碾),韦家碾站,绿地世纪城 ,驷马桥,4室1厅 , 121平米 , 北 , 简装 , 低楼层(共20层) , 2016年建 , 塔楼,1,17769,215,subway:近地铁;vr:VR房源,https://cd.lianjia.com/ershoufang/106103522614.html
106103609880,沙河凤凰城清水两室一厅一厨一卫，小区优美,1号线(科学城-韦家碾),韦家碾站,沙河凤凰城 ,驷马桥,2室1厅 , 61.86平米 , 北 , 简装 , 中楼层(共7层)  ,, 暂无数据,5,10831,67,vr:VR房源,https://cd.lianjia.com/ershoufang/106103609880.html
106103646899,此房为通透户型，楼层好，采光充足，配套齐全,1号线(科学城-韦家碾),韦家碾站,双水康城A区 ,驷马桥,3室1厅 , 84平米 , 东南 , 简装 , 高楼层(共6层)  ,, 板楼,1,10239,86,vr:VR房源,https://cd.lianjia.com/ershoufang/106103646899.html
106103799809,绿地世纪城套四双卫，安静不临街,1号线(科学城-韦家碾),韦家碾站,绿地世纪城 ,驷马桥,4室2厅 , 119.71平米 , 北 , 精装 , 高楼层(共20层) , 2016年建 , 塔楼,0,17961,215,vr:VR房源,https://cd.lianjia.com/ershoufang/106103799809.html
106103917353,客厅带阳台 朝小区中庭 居家安静 朝南,1号线(科学城-韦家碾),韦家碾站,绿地世纪城 ,驷马桥,3室1厅 , 102.88平米 , 北 , 毛坯 , 高楼层(共24层)  ,, 塔楼,2,17497,180,subway:近地铁;vr:VR房源,https://cd.lianjia.com/ershoufang/106103917353.html
106101166554,绿地世纪城标准套二，户型方正位置安静。,1号线(科学城-韦家碾),韦家碾站,绿地世纪城 ,驷马桥,2室1厅 , 74.1平米 , 南 , 精装 , 高楼层(共18层) , 2016年建 , 塔楼,4,16195,120,subway:近地铁;vr:VR房源;taxfree:房本满五年,https://cd.lianjia.com/ershoufang/106101166554.html
106101747470,绿地世纪城简装套二带花园采光充足,1号线(科学城-韦家碾),韦家碾站,绿地世纪城 ,驷马桥,2室1厅 , 68平米 , 西 , 毛坯 , 低楼层(共21层) , 2016年建 , 塔楼,1,18824,128,subway:近地铁;five:房本满两年;haskey:随时看房,https://cd.lianjia.com/ershoufang/106101747470.html
106102759568,业主自住装修  朝小区中庭 居家安静,1号线(科学城-韦家碾),韦家碾站,绿地世纪城 ,驷马桥,2室1厅 , 71.17平米 , 东 , 精装 , 低楼层(共21层) , 2016年建 , 塔楼,3,15456,110,subway:近地铁;vr:VR房源;five:房本满两年,https://cd.lianjia.com/ershoufang/106102759568.html
106100968120,中庭套二，装修保养好，房东换房急售，看房方便！,1号线(科学城-韦家碾),韦家碾站,绿地世纪城 ,驷马桥,2室2厅 , 86.83平米 , 北 , 简装 , 高楼层(共20层) , 2016年建 , 塔楼,1,18082,157,five:房本满两年,https://cd.lianjia.com/ershoufang/106100968120.html
106101649156,绿地世纪城标准套二 楼层适中 小区档次高居住舒适度高,1号线(科学城-韦家碾),韦家碾站,绿地世纪城 ,驷马桥,2室2厅 , 74平米 , 东 , 精装 , 高楼层(共21层) , 2016年建 , 塔楼,3,15541,115,subway:近地铁;haskey:随时看房,https://cd.lianjia.com/ershoufang/106101649156.html
106102455275,绿地世纪城 竖厅套二 对中庭有装修可看房,1号线(科学城-韦家碾),韦家碾站,绿地世纪城 ,驷马桥,2室2厅 , 75.77平米 , 南 , 精装 , 低楼层(共21层) , 2016年建 , 塔楼,2,15178,115,subway:近地铁,https://cd.lianjia.com/ershoufang/106102455275.html
106102553274,绿地世纪城精装修套四，房子南北朝向，带家具家电。,1号线(科学城-韦家碾),韦家碾站,绿地世纪城 ,驷马桥,4室2厅 , 120平米 , 北 , 精装 , 中楼层(共20层) , 2016年建 , 塔楼,1,18334,220,subway:近地铁,https://cd.lianjia.com/ershoufang/106102553274.html
106102752954,绿地世纪城精装修套二，有家具家电。,1号线(科学城-韦家碾),韦家碾站,绿地世纪城 ,驷马桥,2室1厅 , 75.74平米 , 南 , 精装 , 中楼层(共18层) , 2016年建 , 塔楼,1,15976,121,subway:近地铁,https://cd.lianjia.com/ershoufang/106102752954.html
106103041430,中间楼层采光好，近地铁，随时看房，诚心出售,1号线(科学城-韦家碾),韦家碾站,荆竹小区6号院 ,驷马桥,2室2厅 , 74平米 , 南 , 毛坯 , 高楼层(共6层) , 1999年建 , 板楼,0,10811,80,subway:近地铁,https://cd.lianjia.com/ershoufang/106103041430.html
106103374236,若您想在三环内买个标准套二 价格70万 就看这套哟,1号线(科学城-韦家碾),韦家碾站,荆竹小区4号院 ,驷马桥,2室1厅 , 74.56平米 , 东南 , 毛坯 , 高楼层(共6层) , 2007年建 , 板楼,3,9523,71,subway:近地铁,https://cd.lianjia.com/ershoufang/106103374236.html
106103025713,多层商品房住宅，居家装修，公摊小 安静 采光好,1号线(科学城-韦家碾),韦家碾站,沙河北岸 ,驷马桥,2室1厅 , 85.23平米 , 东 , 简装 , 低楼层(共6层) , 2006年建 , 板楼,3,12320,105,subway:近地铁;taxfree:房本满五年,https://cd.lianjia.com/ershoufang/106103025713.html
106103354382,绿地品质大盘 改善大套三 户型通透 相望音乐公园,1号线(科学城-韦家碾),韦家碾站,绿地世纪城 ,驷马桥,3室2厅 , 106.8平米 , 西 , 精装 , 中楼层(共20层) , 2016年建 , 塔楼,2,17791,190,subway:近地铁;taxfree:房本满五年,https://cd.lianjia.com/ershoufang/106103354382.html
106101109248,一号线地铁口 绿地品质 套一改套三 拎包入住 满两年,1号线(科学城-韦家碾),韦家碾站,绿地世纪城 ,驷马桥,1室1厅 , 50.48平米 , 北 , 精装 , 中楼层(共21层) , 2016年建 , 塔楼,2,16839,85,subway:近地铁;taxfree:房本满五年,https://cd.lianjia.com/ershoufang/106101109248.html
106102223674,绿地世纪城标准大套三，户型方正，采光充足。,1号线(科学城-韦家碾),韦家碾站,绿地世纪城 ,驷马桥,3室2厅 , 107平米 , 西 , 简装 , 中楼层(共20层) , 2016年建 , 塔楼,5,19159,205,subway:近地铁,https://cd.lianjia.com/ershoufang/106102223674.html
106103382490,荆竹小区7号院，套三，提前预约，随时可看。,1号线(科学城-韦家碾),韦家碾站,荆竹小区7号院 ,驷马桥,3室2厅 , 111.02平米 , 南 , 简装 , 高楼层(共6层) , 1999年建 , 板楼,3,9638,107,subway:近地铁,https://cd.lianjia.com/ershoufang/106103382490.html
106103707549,绿地世纪城标准大套三，户型方正，位置安静。,1号线(科学城-韦家碾),韦家碾站,绿地世纪城 ,驷马桥,3室2厅 , 106.8平米 , 西 , 简装 , 低楼层(共20层) , 2016年建 , 塔楼,6,16386,175,subway:近地铁;five:房本满两年,https://cd.lianjia.com/ershoufang/106103707549.html
106102311927,绿地世纪城双阳台套二，对中庭有装修可看房,1号线(科学城-韦家碾),韦家碾站,绿地世纪城 ,驷马桥,2室2厅 , 88.96平米 , 东 , 精装 , 高楼层(共20层) , 2016年建 , 塔楼,2,15738,140,subway:近地铁;vr:VR房源;five:房本满两年,https://cd.lianjia.com/ershoufang/106102311927.html
106102255072,绿地世纪城精装修套三，有家具家电,1号线(科学城-韦家碾),韦家碾站,绿地世纪城 ,驷马桥,3室2厅 , 86.5平米 , 南 , 精装 , 中楼层(共20层) , 2016年建 , 塔楼,1,19422,168,subway:近地铁,https://cd.lianjia.com/ershoufang/106102255072.html
106101941771,绿地世纪城 标准套三清水房 对中庭,1号线(科学城-韦家碾),韦家碾站,绿地世纪城 ,驷马桥,3室2厅 , 86平米 , 南 , 毛坯 , 中楼层(共20层) , 2013年建 , 塔楼,4,20931,180,subway:近地铁;vr:VR房源;haskey:随时看房,https://cd.lianjia.com/ershoufang/106101941771.html
106102968696,双水康城  清水套一，对中庭采光视野好,1号线(科学城-韦家碾),韦家碾站,双水康城A区 ,驷马桥,1室1厅 , 44.28平米 , 东 , 毛坯 , 高楼层(共6层)  ,, 板楼,7,9486,42,vr:VR房源;five:房本满两年,https://cd.lianjia.com/ershoufang/106102968696.html
106103900114,原始户型 视野开阔无遮挡 标准套三 诚售,1号线(科学城-韦家碾),韦家碾站,绿地世纪城 ,驷马桥,3室2厅 , 92平米 , 南 北 , 其他 , 高楼层(共24层)  ,, 塔楼,2,16087,148,haskey:随时看房,https://cd.lianjia.com/ershoufang/106103900114.html
106103850960,户型方正，交通方便，配套齐全，可拎包入住,1号线(科学城-韦家碾),韦家碾站,双水康城A区 ,驷马桥,3室2厅 , 106.3平米 , 南 , 简装 , 高楼层(共6层)  ,, 板楼,0,10631,113,,https://cd.lianjia.com/ershoufang/106103850960.html
106104259102,装修保养好的精致套一，户型方正,1号线(科学城-韦家碾),韦家碾站,凤翔云庭 ,驷马桥,1室1厅 , 51平米 , 南 , 其他 , 高楼层(共20层)  ,, 塔楼,0,12746,65,haskey:随时看房,https://cd.lianjia.com/ershoufang/106104259102.html
106101866273,沙河凤凰城装修套三，可直接入住，带花园,1号线(科学城-韦家碾),韦家碾站,沙河凤凰城 ,驷马桥,3室1厅 , 83平米 , 南 , 精装 , 低楼层(共7层) , 2012年建 , 暂无数据,1,13856,115,vr:VR房源,https://cd.lianjia.com/ershoufang/106101866273.html
106103767680,荆竹小区标准套二 户型通透 近地铁 低总价,1号线(科学城-韦家碾),韦家碾站,荆竹小区5号院 ,驷马桥,2室1厅 , 74.58平米 , 东北 , 精装 , 中楼层(共6层) , 2000年建 , 板楼,1,9923,74,subway:近地铁;taxfree:房本满五年,https://cd.lianjia.com/ershoufang/106103767680.html
106102406834,此房楼层好，采光充足，配套设施齐全，交通便利,1号线(科学城-韦家碾),韦家碾站,双水康城A区 ,驷马桥,1室1厅 , 44.28平米 , 南 , 毛坯 , 低楼层(共6层)  ,, 板楼,3,10841,48,,https://cd.lianjia.com/ershoufang/106102406834.html
106102406849,此房楼层好，采光充足，配套设施齐全，交通便利,1号线(科学城-韦家碾),韦家碾站,双水康城A区 ,驷马桥,1室1厅 , 44.71平米 , 南 , 毛坯 , 低楼层(共6层)  ,, 板楼,0,12302,55,,https://cd.lianjia.com/ershoufang/106102406849.html
106101188358,绿地世纪城标准套一，房子无按揭无抵押，过户方便。,1号线(科学城-韦家碾),韦家碾站,绿地世纪城 ,驷马桥,1室1厅 , 49.8平米 , 北 , 精装 , 高楼层(共21层) , 2016年建 , 塔楼,2,17069,85,subway:近地铁,https://cd.lianjia.com/ershoufang/106101188358.html
106102032308,低密度小区，标准套一，中间楼层。,1号线(科学城-韦家碾),韦家碾站,沙河凤凰城 ,驷马桥,1室1厅 , 42.5平米 , 南 , 毛坯 , 中楼层(共7层) , 2004年建 , 暂无数据,2,11012,46.8,vr:VR房源,https://cd.lianjia.com/ershoufang/106102032308.html
106101420053,绿地世纪城标准套一，户型方正，交通便利,1号线(科学城-韦家碾),韦家碾站,绿地世纪城 ,驷马桥,1室1厅 , 53平米 , 南 , 精装 , 中楼层(共18层) , 2016年建 , 塔楼,2,15944,84.5,subway:近地铁,https://cd.lianjia.com/ershoufang/106101420053.html
106102032461,沙河凤凰城标准套一方正的不行小区环境很好,1号线(科学城-韦家碾),韦家碾站,沙河凤凰城 ,驷马桥,1室1厅 , 42.5平米 , 南 , 简装 , 中楼层(共7层) , 2012年建 , 平房,3,11012,46.8,vr:VR房源,https://cd.lianjia.com/ershoufang/106102032461.html
106103593125,中环路旁园林式小区顶跃6+1，绿化高，交通方便,1号线(科学城-韦家碾),韦家碾站,沙河凤凰城 ,驷马桥,2室2厅 , 83.6平米 , 东南 , 简装 , 高楼层(共7层)  ,, 暂无数据,4,10168,85,vr:VR房源,https://cd.lianjia.com/ershoufang/106103593125.html
106102297682,绿地世纪城 朝南套一 简单装修,1号线(科学城-韦家碾),韦家碾站,绿地世纪城 ,驷马桥,1室2厅 , 53.01平米 , 南 , 简装 , 中楼层(共21层) , 2016年建 , 塔楼,2,14149,75,subway:近地铁,https://cd.lianjia.com/ershoufang/106102297682.html
106102630594,刚需看过来，户型方正，交通方便,1号线(科学城-韦家碾),韦家碾站,双水康城A区 ,驷马桥,1室1厅 , 44.6平米 , 北 , 简装 , 高楼层(共6层) , 2003年建 , 板楼,1,10090,45,,https://cd.lianjia.com/ershoufang/106102630594.html
106104241649,双水康城A区 1室1厅 55万,1号线(科学城-韦家碾),韦家碾站,双水康城A区 ,驷马桥,1室1厅 , 44.58平米 , 南 , 其他 , 中楼层(共6层)  ,, 板楼,2,12338,55,haskey:随时看房,https://cd.lianjia.com/ershoufang/106104241649.html
106103813579,带30平米的花园 简装套二 户型方正 采光很好,1号线(科学城-韦家碾),韦家碾站,绿地世纪城 ,驷马桥,2室2厅 , 68.48平米 , 西南 , 简装 , 低楼层(共21层) , 2016年建 , 塔楼,7,17378,119,subway:近地铁;five:房本满两年,https://cd.lianjia.com/ershoufang/106103813579.html
106103854392,荆竹小区 标准套一 简单装修 楼层好,1号线(科学城-韦家碾),韦家碾站,荆竹小区6号院 ,驷马桥,1室1厅 , 47.29平米 , 南 , 其他 , 中楼层(共6层) , 1999年建 , 板楼,1,11631,55,subway:近地铁;taxfree:房本满五年,https://cd.lianjia.com/ershoufang/106103854392.html
106103994069,绿地世纪城一楼带花园套二居家安静,1号线(科学城-韦家碾),韦家碾站,绿地世纪城 ,驷马桥,2室1厅 , 60.85平米 , 东 , 其他 , 低楼层(共21层) , 2016年建 , 塔楼,1,18899,115,subway:近地铁;five:房本满两年,https://cd.lianjia.com/ershoufang/106103994069.html
106104118414,双水康城A区三室一厅一厨一卫，中间楼层，采光通风好,1号线(科学城-韦家碾),韦家碾站,双水康城A区 ,驷马桥,3室1厅 , 87.2平米 , 东北 , 精装 , 低楼层(共6层)  ,, 板楼,8,11468,100,vr:VR房源,https://cd.lianjia.com/ershoufang/106104118414.html
106104121890,绿地世纪城  标准套一  密码锁 采光好,1号线(科学城-韦家碾),韦家碾站,绿地世纪城 ,驷马桥,1室1厅 , 49.88平米 , 南 , 简装 , 高楼层(共18层) , 2016年建 , 塔楼,4,14636,73,five:房本满两年,https://cd.lianjia.com/ershoufang/106104121890.html
106104225108,绿地世纪城 3室2厅 192万,1号线(科学城-韦家碾),韦家碾站,绿地世纪城 ,驷马桥,3室2厅 , 86.58平米 , 南 , 其他 , 中楼层(共20层) , 2016年建 , 塔楼,0,22177,192,subway:近地铁,https://cd.lianjia.com/ershoufang/106104225108.html
106103467241,双水康城标准套二 户型方正对中庭,1号线(科学城-韦家碾),韦家碾站,双水康城A区 ,驷马桥,2室1厅 , 74.42平米 , 东 , 毛坯 , 低楼层(共6层)  ,, 板楼,0,12094,90,haskey:随时看房,https://cd.lianjia.com/ershoufang/106103467241.html
106103257937,刚需看过来，标准套一   采光好  视野好,1号线(科学城-韦家碾),韦家碾站,双水康城A区 ,驷马桥,1室1厅 , 45平米 , 南 , 简装 , 高楼层(共6层) , 2003年建 , 板楼,1,10000,45,,https://cd.lianjia.com/ershoufang/106103257937.html
106103609090,中间楼层，采光好，离地铁，环境安静。,1号线(科学城-韦家碾),韦家碾站,荆竹小区7号院 ,驷马桥,1室1厅 , 47平米 , 东南 , 毛坯 , 中楼层(共6层) , 1999年建 , 板楼,5,10745,50.5,subway:近地铁,https://cd.lianjia.com/ershoufang/106103609090.html
106103631066,绿地世纪城大套三对中庭看游泳池,1号线(科学城-韦家碾),韦家碾站,绿地世纪城 ,驷马桥,3室2厅 , 107平米 , 北 , 简装 , 中楼层(共20层) , 2016年建 , 塔楼,0,17010,182,subway:近地铁,https://cd.lianjia.com/ershoufang/106103631066.html
106103671124,多层商品房住宅，正规二居室  公摊小 采光视野好,1号线(科学城-韦家碾),韦家碾站,沙河北岸 ,驷马桥,2室2厅 , 79.32平米 , 西北 , 简装 , 中楼层(共6层) , 2006年建 , 板楼,0,12860,102,subway:近地铁,https://cd.lianjia.com/ershoufang/106103671124.html
106103700048,双水康城标准套二，带天井，一楼方便。,1号线(科学城-韦家碾),韦家碾站,双水康城A区 ,驷马桥,2室2厅 , 72.67平米 , 东北 , 其他 , 低楼层(共6层) , 2003年建 , 板楼,1,12110,88,,https://cd.lianjia.com/ershoufang/106103700048.html
106103700921,双水康城标准套一，采光好，客厅带阳台。,1号线(科学城-韦家碾),韦家碾站,双水康城A区 ,驷马桥,1室1厅 , 44.27平米 , 西南 , 其他 , 高楼层(共6层) , 2005年建 , 板楼,0,10165,45,,https://cd.lianjia.com/ershoufang/106103700921.html
106103705557,2.5环地铁口双公园旁跃层大套三,1号线(科学城-韦家碾),韦家碾站,双水康城A区 ,驷马桥,3室1厅 , 107平米 , 北 , 简装 , 高楼层(共6层) , 2004年建 , 板楼,3,10748,115,,https://cd.lianjia.com/ershoufang/106103705557.html
106103776290,绿地世纪城次新小区，双卫，配套成熟，出行方便。,1号线(科学城-韦家碾),韦家碾站,绿地世纪城 ,驷马桥,3室2厅 , 103平米 , 南 , 简装 , 高楼层(共24层)  ,, 塔楼,0,18447,190,subway:近地铁,https://cd.lianjia.com/ershoufang/106103776290.html
106103804466,此房满两年，精装修。视野宽阔，看露天音乐，楼层好,1号线(科学城-韦家碾),韦家碾站,绿地世纪城 ,驷马桥,1室1厅 , 53.01平米 , 南 , 简装 , 中楼层(共21层) , 2016年建 , 塔楼,0,15847,84,subway:近地铁,https://cd.lianjia.com/ershoufang/106103804466.html
106103865268,荆竹小区，简装1居室，厨房带阳台，户型通透，低楼层,1号线(科学城-韦家碾),韦家碾站,荆竹小区5号院 ,驷马桥,1室1厅 , 47.5平米 , 东南 , 其他 , 低楼层(共6层) , 2000年建 , 板楼,2,10527,50,subway:近地铁,https://cd.lianjia.com/ershoufang/106103865268.html
106103880031,绿地世纪城带花园套三，对中庭。,1号线(科学城-韦家碾),韦家碾站,绿地世纪城 ,驷马桥,3室2厅 , 84.18平米 , 东 , 其他 , 低楼层(共20层) , 2016年建 , 塔楼,3,22571,190,subway:近地铁,https://cd.lianjia.com/ershoufang/106103880031.html
106103947984,绿地世纪城三期精装套三带家具家电,1号线(科学城-韦家碾),韦家碾站,绿地世纪城 ,驷马桥,3室2厅 , 91平米 , 东南 , 精装 , 中楼层(共24层)  ,, 塔楼,0,17583,160,,https://cd.lianjia.com/ershoufang/106103947984.html
106103963830,沙河凤凰城 套一出售 交通便利,1号线(科学城-韦家碾),韦家碾站,沙河凤凰城 ,驷马桥,1室1厅 , 43.3平米 , 东 , 毛坯 , 中楼层(共7层)  ,, 暂无数据,0,11548,50,,https://cd.lianjia.com/ershoufang/106103963830.html
106103988097,双水康城A区 2室1厅 76万,1号线(科学城-韦家碾),韦家碾站,双水康城A区 ,驷马桥,2室1厅 , 76平米 , 东南 , 其他 , 低楼层(共6层) , 2003年建 , 板楼,4,10000,76,,https://cd.lianjia.com/ershoufang/106103988097.html
106104114038,一号线韦家碾处，简装套一，生活成本低,1号线(科学城-韦家碾),韦家碾站,双水康城A区 ,驷马桥,1室1厅 , 44.71平米 , 南 , 简装 , 高楼层(共6层)  ,, 板楼,0,12973,58,,https://cd.lianjia.com/ershoufang/106104114038.html
106102670486,绿地三期精装套三，采光好对中庭自住装修，保养好,1号线(科学城-韦家碾),韦家碾站,绿地世纪城 ,驷马桥,3室1厅 , 92平米 , 北 , 精装 , 低楼层(共24层)  ,, 塔楼,2,16848,155,haskey:随时看房,https://cd.lianjia.com/ershoufang/106102670486.html
106102569252,绿地品质 新小区 底楼带花园 稀有户型,1号线(科学城-韦家碾),韦家碾站,绿地世纪城 ,驷马桥,2室1厅 , 70平米 , 东南 , 简装 , 低楼层(共21层) , 2016年建 , 塔楼,5,20000,140,subway:近地铁,https://cd.lianjia.com/ershoufang/106102569252.html
106103072501,此房是简装房，视野无遮挡，安静，人车分流，交通..,1号线(科学城-韦家碾),韦家碾站,绿地世纪城 ,驷马桥,2室1厅 , 74平米 , 南 , 简装 , 中楼层(共16层) , 2016年建 , 塔楼,0,18919,140,subway:近地铁,https://cd.lianjia.com/ershoufang/106103072501.html
106103659453,沙河凤凰城跃层户型，跃层套三，利用空间大,1号线(科学城-韦家碾),韦家碾站,沙河凤凰城 ,驷马桥,3室2厅 , 110平米 , 东 , 简装 , 高楼层(共7层)  ,, 板楼,2,11819,130,,https://cd.lianjia.com/ershoufang/106103659453.html
